time_stamp,humidity,temperature,pressure,voc,scattering_coefficient,visual_range,0.3_um_count
2024-03-19T23:00:00Z,15.434,80.167,827.563,56.171,66.2,43.6,4410.7880000000005
2024-03-20T00:00:00Z,14.8,82.966,827.633,77.049,335.7,9.4,22382.792
2024-03-20T01:00:00Z,16,81.834,827.716,94.802,644.9,5,42990.254
2024-03-20T02:00:00Z,16.584,80.033,827.957,104.53,423.8,7.5,28252.4895
2024-03-20T03:00:00Z,17,78.3,828.279,109.231,242.9,12.9,16194.296
2024-03-20T04:00:00Z,17,76.367,828.43,111.821,120.9,25.1,8062.924000000001
2024-03-20T05:00:00Z,17,74.567,828.673,114.439,58.9,48.3,3928.8255
2024-03-20T06:00:00Z,17,73.3,828.602,115.023,30.1,84.7,2003.35
2024-03-20T07:00:00Z,17,72.466,828.569,115.585,17.7,125,1177.8955
2024-03-20T08:00:00Z,17,71.433,828.469,115.819,11.2,166.4,746.5840000000001
2024-03-20T09:00:00Z,17,70.733,828.306,114.986,7.6,204.1,505.97950000000003
2024-03-20T10:00:00Z,17,69.966,828.586,115.493,5.3,238.7,352.235
2024-03-20T11:00:00Z,17,69.2,829.348,115.597,,,5620.8240000000005
2024-03-20T12:00:00Z,17.066,68.433,829.868,115.945,846,3.8,56397.743
2024-03-20T13:00:00Z,17.2,68,830.244,109.944,711.7,4.5,47449.7785
2024-03-20T14:00:00Z,17.2,68.267,830.869,105.002,462.6,6.9,30842.6625
2024-03-20T15:00:00Z,17,69.7,831.027,103.132,272.8,11.6,18186.609
2024-03-20T16:00:00Z,16.066,71.9,830.656,104.846,153.9,20,10257.199499999999
2024-03-20T17:00:00Z,16,74.034,830.125,104.502,74.8,39.1,4984.7285
2024-03-20T18:00:00Z,16,76.067,829.266,103.316,33.2,78.2,2214.6515
2024-03-20T19:00:00Z,16,78.034,828.362,102.43,18.5,121.3,1231.2625
2024-03-20T20:00:00Z,16,79.5,827.388,102.757,15,139.3,999.9085
2024-03-20T21:00:00Z,15.867,81.566,826.589,101.817,14.2,144.3,946.0029999999999
2024-03-20T22:00:00Z,15.334,83.5,826.105,103.746,25.9,94.9,1727.4769999999999
2024-03-20T23:00:00Z,14.7,82.867,825.878,75.258,66.2,43.6,4413.1645
2024-03-21T00:00:00Z,15.9,81.6,825.927,87.145,159.2,19.4,10610.508
2024-03-21T01:00:00Z,17,81.633,826.168,109.933,510.2,6.3,34014.238
2024-03-21T02:00:00Z,17,80.534,826.566,113.026,352.1,9,23471.4815
2024-03-21T03:00:00Z,17,79.466,826.931,117.428,218.8,14.3,14585.58
2024-03-21T04:00:00Z,17,77.966,827.264,117.94,126.5,24.1,8436.5245
2024-03-21T05:00:00Z,18,76.367,827.098,115.684,219.5,14.3,14634.978
2024-03-21T06:00:00Z,18,75,826.929,113.154,621.9,5.2,41463.317
2024-03-21T07:00:00Z,18,73.566,826.698,108.014,431.8,7.4,28788.1355
2024-03-21T08:00:00Z,18,72.566,826.623,105.105,276.6,11.4,18441.7005
2024-03-21T09:00:00Z,18,71.834,826.286,104.077,162.7,19,10844.7615
2024-03-21T10:00:00Z,18,71,826.127,102.614,88.7,33.5,5913.4145
2024-03-21T11:00:00Z,18,70,826.48,101.021,43.6,62.5,2909.8005
2024-03-21T12:00:00Z,18,69,826.634,118.993,200.1,15.6,13338.6775
2024-03-21T13:00:00Z,18,68.066,826.835,126.029,241.9,13,16124.9815
2024-03-21T14:00:00Z,17.367,68.633,827.007,117.684,116.4,26,7762.7825
2024-03-21T15:00:00Z,16.966,70.5,827.036,111.281,47.5,58.2,3167.3545000000004
2024-03-21T16:00:00Z,16.034,72.633,827.033,104.9,20.8,111.6,1386.725
2024-03-21T17:00:00Z,15.834,75.233,826.792,105.901,12.6,155.3,839.752
2024-03-21T18:00:00Z,15,77.933,826.308,102.491,8.6,192.4,570.7665
2024-03-21T19:00:00Z,15,80.2,825.757,101.025,6.5,219.6,431.0825
2024-03-21T20:00:00Z,15.267,82.3,824.94,98.309,5.8,229.5,388.39599999999996
2024-03-21T21:00:00Z,15.934,84.233,824.352,94.655,6.3,222.8,417.06
2024-03-21T22:00:00Z,15.267,85.433,824.291,80.358,139.3,22,9286.663499999999
2024-03-21T23:00:00Z,14,86,824.592,70.171,128.4,23.8,8562.119999999999
2024-03-22T00:00:00Z,13.1,84.8,825.095,61.263,55,51.3,3664.9705000000004
2024-03-22T01:00:00Z,11.767,82.066,825.329,60.824,29.9,84.9,1995.3235
2024-03-22T02:00:00Z,13.5,81.267,826.067,81.239,7,212,466.54499999999996
2024-03-22T03:00:00Z,14,80,826.944,86.376,426.1,7.5,28406.3105
2024-03-22T04:00:00Z,14,79.2,827.67,81.617,259.9,12.1,17329.3815
2024-03-22T05:00:00Z,14.4,78.666,828.297,84.747,131.4,23.3,8761.499
2024-03-22T06:00:00Z,15,77.5,829.642,82.697,57.9,49.1,3860.304
2024-03-22T07:00:00Z,15.767,75.933,830.933,74.228,21.7,108.3,1445.0215
2024-03-22T08:00:00Z,16,74.666,831.363,73.415,11.3,165.2,755.6445
2024-03-22T09:00:00Z,16.1,73,831.264,73.231,7.7,202.5,514.4635000000001
2024-03-22T10:00:00Z,16.9,71.767,831.078,73.544,6.2,223.7,412.8085
2024-03-22T11:00:00Z,17,70.834,831.388,80.547,515.1,6.2,34339.0475
2024-03-22T12:00:00Z,17,69.8,831.724,89.19,740.5,4.3,49364.5785
2024-03-22T13:00:00Z,17,69,832.269,94.078,477,6.7,31798.1525
2024-03-22T14:00:00Z,17,69.2,832.54,95.951,254.3,12.4,16952.2035
2024-03-22T15:00:00Z,16.733,70.767,832.372,89.088,108.2,27.9,7211.758
2024-03-22T16:00:00Z,16,72.5,831.964,80.952,34.4,76.1,2291.748
2024-03-22T17:00:00Z,15.566,74.2,831.393,73.193,13,152.3,867.4780000000001
2024-03-22T18:00:00Z,15,76.434,830.737,74.92,7.9,199.6,529.9304999999999
2024-03-22T19:00:00Z,14.133,78.567,829.901,78.974,6.3,221.5,422.751
2024-03-22T20:00:00Z,14.066,80.466,829.045,84.066,21.8,107.9,1452.715
2024-03-22T21:00:00Z,12.467,80.367,828.359,68.32,57.3,49.5,3821.3869999999997
2024-03-22T22:00:00Z,9.7,80,827.922,64.77,44.7,61.3,2978.5695
2024-03-22T23:00:00Z,9,79,827.778,63.539,3.8,268.9,250.10949999999997
2024-03-23T00:00:00Z,9.733,78.267,827.859,64.808,77.5,37.9,5165.9265
2024-03-23T01:00:00Z,10.367,78.066,827.818,56.853,6.5,219.8,430.0915
2024-03-23T02:00:00Z,14.767,76.334,828.072,60.58,6.2,223.9,411.96900000000005
2024-03-23T03:00:00Z,16.034,75.433,828.254,61.064,124.3,24.5,8286.866
2024-03-23T04:00:00Z,15,76,828.076,80.57,226.3,13.8,15088.9925
2024-03-23T05:00:00Z,15.034,75.267,827.762,83.361,87.4,34,5825.591
2024-03-23T06:00:00Z,16,74.267,827.06,86.047,27.8,89.9,1855.0375
2024-03-23T07:00:00Z,16,74,826.432,85.391,11.3,165.4,754.6635
2024-03-23T08:00:00Z,16,73.467,825.798,88.176,8.5,193.2,566.1320000000001
2024-03-23T09:00:00Z,16,72.434,825.287,87.359,8.7,190.4,582.4705
2024-03-23T10:00:00Z,16,71.434,825.146,83.794,7.3,208.4,484.16999999999996
2024-03-23T11:00:00Z,16,70.466,825.248,82.885,6.1,225.8,404.068
2024-03-23T12:00:00Z,16.066,69.666,825.247,81.964,5.2,240.1,346.8095
2024-03-23T13:00:00Z,17.534,68.466,825.299,79.93,385.2,8.3,25680.5945
2024-03-23T14:00:00Z,18.666,68.034,825.256,127.6,13.2,151.2,877.747
2024-03-23T15:00:00Z,17,69.8,824.731,109.397,9.9,178.1,661.0909999999999
2024-03-23T16:00:00Z,16.133,71.967,823.844,98.041,8.9,188.9,591.4845
2024-03-23T17:00:00Z,16,74.233,822.787,90.603,9,187.9,597.3385
2024-03-23T18:00:00Z,15.367,76.767,821.339,87.383,10.2,175.2,681.328
2024-03-23T19:00:00Z,15,79.1,820.036,87.607,10.8,169.5,722.5895
2024-03-23T20:00:00Z,15.334,80.9,818.83,88.081,11.5,164,765.2545
2024-03-23T21:00:00Z,16.4,79.5,818.196,73.162,28.1,89.3,1871.1080000000002
2024-03-23T22:00:00Z,15.867,77,817.583,62.475,15.5,136.2,1035.79
2024-03-23T23:00:00Z,15.267,77.133,816.513,70.263,24.9,97.7,1662.792
2024-03-24T00:00:00Z,16.034,78,816.182,88.191,10.4,173.4,693.8915
2024-03-24T01:00:00Z,16,78,815.737,99.352,166.7,18.6,11113.612000000001
2024-03-24T02:00:00Z,16,77.434,815.563,104.255,280.6,11.2,18708.7355
2024-03-24T03:00:00Z,16.166,76.3,815.536,99.713,150.3,20.5,10020.385999999999
2024-03-24T04:00:00Z,17,75.067,815.066,92.654,77.9,37.7,5190.9225
2024-03-24T05:00:00Z,17,73.867,814.423,91.124,44.8,61.2,2986.554
2024-03-24T06:00:00Z,17.8,72.867,813.699,89.926,30.4,83.9,2026.1754999999998
2024-03-24T07:00:00Z,18,72.066,812.978,88.627,24.7,98.2,1649.7665000000002
2024-03-24T08:00:00Z,18,71.267,812.208,90.023,22.9,104.2,1524.2075
2024-03-24T09:00:00Z,18.1,70.233,811.463,91.579,23,103.7,1534.359
2024-03-24T10:00:00Z,19,69.567,811.112,90.322,24.4,99.4,1623.3815
2024-03-24T11:00:00Z,19,68.966,810.793,84.179,26.6,92.9,1775.5325
2024-03-24T12:00:00Z,19,68.034,810.606,79.805,28.9,87.3,1925.2875
2024-03-24T13:00:00Z,19,67.767,810.684,77.499,31,82.7,2063.617
2024-03-24T14:00:00Z,19,67.367,810.521,79.886,33.6,77.4,2242.2595
2024-03-24T15:00:00Z,19.034,68.5,810.118,85.351,433.3,7.4,28886.2685
2024-03-24T16:00:00Z,23.466,69.034,809.469,56.498,133.4,22.9,8890.312
2024-03-24T17:00:00Z,21.667,70.434,809.19,72.74,371.5,8.6,24768.7785
2024-03-24T18:00:00Z,20.666,71.2,808.514,91.422,630.9,5.1,42057.75199999999
2024-03-24T19:00:00Z,19.934,72.767,807.926,83.124,396.9,8,26462.0835
2024-03-24T20:00:00Z,20.066,73.267,807.291,53.552,41,65.9,2731.165
2024-03-24T21:00:00Z,19.633,74.7,806.573,65.182,152.4,20.2,10161.505
2024-03-24T22:00:00Z,19,75,807.043,72.939,314.9,10.1,20992.4775
2024-03-24T23:00:00Z,19.1,74.867,809.428,75.768,404.2,7.9,26943.339500000002
2024-03-25T00:00:00Z,19.966,73.633,811.005,70.303,231,13.6,15402.876499999998
2024-03-25T01:00:00Z,20,72.466,812.696,75.774,328,9.7,21865.626
2024-03-25T02:00:00Z,19.834,70.834,814.143,70.499,210.1,14.9,14005.5585
2024-03-25T03:00:00Z,19,69.834,815.333,67.442,90.4,32.9,6024.6955
2024-03-25T04:00:00Z,19,68.7,816.106,67.739,39.7,67.6,2647.828
2024-03-25T05:00:00Z,18.9,67.666,816.589,69.471,71.4,40.7,4763.0765
2024-03-25T06:00:00Z,18,67,816.783,71.743,180.7,17.2,12048.443500000001
2024-03-25T07:00:00Z,17.966,66.566,816.865,71.465,77.6,37.8,5172.3125
2024-03-25T08:00:00Z,17.666,65.767,817.19,72.06,34.7,75.5,2313.9365
2024-03-25T09:00:00Z,17,64.934,817.214,73.23,18.6,120.6,1241.008
2024-03-25T10:00:00Z,17,64,817.532,73.551,13.1,151.7,872.2325000000001
2024-03-25T11:00:00Z,17,63.733,817.889,74.669,11.8,161.6,785.5195000000001
2024-03-25T12:00:00Z,17,63,818.178,77.439,10.8,170.2,717.8299999999999
2024-03-25T13:00:00Z,16.867,63,818.605,84.703,10.4,173.4,694.0705
2024-03-25T14:00:00Z,16.9,63,818.946,91.413,477,6.7,31802.421000000002
2024-03-25T15:00:00Z,16.166,63.233,819.174,85.979,322.4,9.8,21490.546499999997
2024-03-25T16:00:00Z,16.6,63.9,819.201,83.865,225.2,13.9,15013.6145
2024-03-25T17:00:00Z,17,65.2,819.282,101.412,215.7,14.5,14376.873
2024-03-25T18:00:00Z,17,66.1,819.214,90.725,107.4,28.1,7160.934499999999
2024-03-25T19:00:00Z,17.034,66.666,819.162,90.97,148.1,20.8,9873.271
2024-03-25T20:00:00Z,18.466,66.834,819.112,123.412,700.1,4.6,46672.62300000001
2024-03-25T21:00:00Z,18.733,67,819.19,119.712,527.6,6.1,35172.1715
2024-03-25T22:00:00Z,17.434,66.867,819.201,94.797,319,9.9,21264.843
2024-03-25T23:00:00Z,17.066,66.267,819.256,91.853,677.1,4.7,45137.715
2024-03-26T00:00:00Z,17.633,66,819.529,93.273,699.2,4.6,46612.1645
2024-03-26T01:00:00Z,17,65.4,819.818,91.063,516.8,6.2,34453.682499999995
2024-03-26T02:00:00Z,17,65,820.019,87.11,313.8,10.1,20922.3845
2024-03-26T03:00:00Z,17,64.767,820.404,86.727,328.2,9.7,21882.4225
2024-03-26T04:00:00Z,17,64,820.519,88.952,304.2,10.4,20283.2765
2024-03-26T05:00:00Z,17,64,820.625,85.571,173.9,17.8,11593.2375
2024-03-26T06:00:00Z,17,63.133,820.684,80.27,100.4,29.9,6693.7055
2024-03-26T07:00:00Z,17,62.834,820.779,72.483,59.8,47.7,3988.0175
2024-03-26T08:00:00Z,17,62,820.767,68.875,39.6,67.8,2641.1059999999998
2024-03-26T09:00:00Z,17,61.267,820.368,66.6,29.6,85.6,1975.518
2024-03-26T10:00:00Z,16.966,61.034,819.913,67.359,23.6,101.8,1573.642
2024-03-26T11:00:00Z,17,60.166,819.745,70.549,229,13.7,15265.835
2024-03-26T12:00:00Z,17,60,819.889,83.888,704.3,4.6,46950.492
2024-03-26T13:00:00Z,17,60,820.273,88.123,509.1,6.3,33937.220499999996
2024-03-26T14:00:00Z,17,60,820.709,85.104,296.3,10.7,19754.451999999997
2024-03-26T15:00:00Z,16.466,61.067,820.992,77.891,152.8,20.2,10186.3215
2024-03-26T16:00:00Z,17,62.2,821.217,69.299,48.6,57.1,3240.026
2024-03-26T17:00:00Z,16.633,63.834,821.295,74.587,36.6,72.3,2440.4245
2024-03-26T18:00:00Z,17,64.867,821.279,75.626,32.7,79.3,2178.3745
2024-03-26T19:00:00Z,17,65,821.281,75.156,29.8,85.2,1986.2910000000002
2024-03-26T20:00:00Z,18.1,66.034,821.249,73.971,27.3,91.3,1818.048
2024-03-26T21:00:00Z,18.367,67.3,821.291,70.508,24.5,99,1634.039
2024-03-26T22:00:00Z,18.066,68.467,821.32,73.381,24,100.5,1601.2240000000002
2024-03-26T23:00:00Z,20.433,67.534,821.423,64.915,159.3,19.4,10621.529
2024-03-27T00:00:00Z,20.467,66.733,821.874,56.323,197.7,15.8,13180.5175
2024-03-27T01:00:00Z,20.867,65.333,822.423,62.758,44.4,61.6,2959.0985
2024-03-27T02:00:00Z,21.3,63.666,823.105,69.309,42.9,63.4,2860.4195
2024-03-27T03:00:00Z,21.566,63.466,823.809,67.063,270.5,11.7,18032.254500000003
2024-03-27T04:00:00Z,21,63.567,824.098,80.297,227.8,13.8,15185.5245
2024-03-27T05:00:00Z,21,63,824.178,84.113,143.1,21.5,9540.527999999998
2024-03-27T06:00:00Z,21,62.6,824.232,83.081,92.1,32.4,6136.737999999999
2024-03-27T07:00:00Z,21,61.9,824.405,83.903,62.6,45.8,4171.681
2024-03-27T08:00:00Z,20.4,61.067,824.646,84.343,45.8,60,3056.317
2024-03-27T09:00:00Z,20,60.733,824.947,86.426,33.8,77.2,2252.714
2024-03-27T10:00:00Z,20,60,825.136,87.67,26.1,94.3,1741.5295
2024-03-27T11:00:00Z,20,60,825.668,86.621,48.7,57,3248.114
2024-03-27T12:00:00Z,20,59.966,826.256,95.882,741.3,4.3,49418.3885
2024-03-27T13:00:00Z,19.934,59.533,826.912,97.475,601.2,5.3,40082.477
2024-03-27T14:00:00Z,19.066,60.333,827.624,98.627,420.5,7.6,28035.673
2024-03-27T15:00:00Z,18.034,62.067,828.24,97.198,277.4,11.4,18491.692
2024-03-27T16:00:00Z,17.1,64.233,828.596,93.684,164.5,18.8,10967.976999999999
2024-03-27T17:00:00Z,17,66.3,828.74,91.531,83.6,35.4,5572.425499999999
2024-03-27T18:00:00Z,16.966,68.233,828.633,90.799,38.7,69.1,2580.708
2024-03-27T19:00:00Z,16.5,69.666,828.569,90.489,16.6,130.6,1103.696
2024-03-27T20:00:00Z,16.267,71.034,828.361,88.831,6.6,217.5,440.78549999999996
2024-03-27T21:00:00Z,16.966,72.566,828.011,88.683,3.5,275.6,230.64249999999998
2024-03-27T22:00:00Z,16.7,74.367,828.07,87.361,2.6,298.3,170.716
2024-03-27T23:00:00Z,16,75.467,828.224,91.085,190.1,16.4,12670.300500000001
2024-03-28T00:00:00Z,14.166,75.334,828.331,89.16,222.9,14.1,14857.9
2024-03-28T01:00:00Z,13.767,73.8,828.545,78.953,11.4,164.7,759.9465
2024-03-28T02:00:00Z,15.1,72.434,828.809,85.091,6.8,214.1,456.60749999999996
2024-03-28T03:00:00Z,15.733,70.834,829.246,89.066,78.3,37.5,5220.086499999999
2024-03-28T04:00:00Z,16,69.566,829.032,91.27,222.7,14.1,14844.9655
2024-03-28T05:00:00Z,16,68.934,828.815,92.443,128,23.8,8534.3745
2024-03-28T06:00:00Z,16,67.767,828.388,92.303,67.4,42.9,4491.1669999999995
2024-03-28T07:00:00Z,16,66.633,828.048,95.874,32.3,80.1,2150.974
2024-03-28T08:00:00Z,16.1,65.7,827.695,97.637,15.5,136.3,1034.608
2024-03-28T09:00:00Z,16.333,65,827.326,94.458,8.4,194.8,556.9014999999999
2024-03-28T10:00:00Z,16.867,64,827.14,92.189,5.5,234.9,366.682
2024-03-28T11:00:00Z,17,63.933,827.061,91.192,67.9,42.6,4529.8814999999995
2024-03-28T12:00:00Z,17,63.4,826.953,96.506,697.6,4.6,46505.5815
2024-03-28T13:00:00Z,17,63,827.081,101.33,467.5,6.8,31164.913500000002
2024-03-28T14:00:00Z,16.566,63.4,826.952,108.751,291.8,10.8,19451.0275
2024-03-28T15:00:00Z,16,65.167,826.848,110.89,173.4,17.9,11562.282500000001
2024-03-28T16:00:00Z,15.1,67.867,826.525,105.802,82.9,35.6,5528.5975
2024-03-28T17:00:00Z,14.633,70.233,825.815,103.043,38.7,69.1,2580.8485
2024-03-28T18:00:00Z,14,72.566,824.739,96.172,16.3,132.2,1083.464
2024-03-28T19:00:00Z,14,74.5,823.536,92.05,8.2,196.7,545.9490000000001
2024-03-28T20:00:00Z,14,76.3,822.469,94.028,5.6,233.3,372.954
2024-03-28T21:00:00Z,13.466,78.233,821.666,86.083,71.7,40.6,4780.014999999999
2024-03-28T22:00:00Z,10.267,79.367,821.112,72.398,6.2,223.8,412.755
2024-03-28T23:00:00Z,10,80.066,820.742,72.847,4.5,252.5,302.4875
2024-03-29T00:00:00Z,10.666,80.434,820.707,71.493,9.4,183.4,625.6510000000001
2024-03-29T01:00:00Z,11.534,77.8,821.091,73.147,40.5,66.5,2700.599
2024-03-29T02:00:00Z,14.467,77.2,821.911,120.211,537.1,6,35804.102
2024-03-29T03:00:00Z,15,76.567,822.419,142.519,398.6,8,26571.084499999997
2024-03-29T04:00:00Z,14.966,75.633,822.094,141.503,277.3,11.4,18489.792
2024-03-29T05:00:00Z,15,74.034,821.574,134.641,175.1,17.7,11675.055
2024-03-29T06:00:00Z,15.6,72.8,821.208,128.028,108.9,27.7,7260.741
2024-03-29T07:00:00Z,15.966,71.633,820.847,124.083,70.8,41.1,4719.063
2024-03-29T08:00:00Z,16,70.466,820.768,117.681,49.3,56.4,3288.723
2024-03-29T09:00:00Z,16.733,69.834,821.112,107.553,34.6,75.6,2309.1005
2024-03-29T10:00:00Z,17,69,821.721,97.272,26.9,92.2,1794.824
2024-03-29T11:00:00Z,17.4,68.2,822.594,91.03,324.1,9.8,21608.103499999997
2024-03-29T12:00:00Z,18,67.934,823.016,89.916,794.9,4,52994.555
2024-03-29T13:00:00Z,18,67.367,823.4,89.572,714.3,4.5,47619.16
2024-03-29T14:00:00Z,18,67.3,823.588,90.91,465.3,6.9,31018.8735
2024-03-29T15:00:00Z,18,68.233,823.801,86.183,291.7,10.8,19446.3845
2024-03-29T16:00:00Z,17.466,69.867,823.827,81.487,168.4,18.4,11225.603
2024-03-29T17:00:00Z,17.434,71.666,823.834,72.668,64.2,44.8,4278.864
2024-03-29T18:00:00Z,18,73.033,823.859,70.923,6,226,402.95050000000003
2024-03-29T19:00:00Z,18.233,74,823.815,73.959,5.3,238.3,353.73299999999995
2024-03-29T20:00:00Z,19.367,73.966,823.543,74.708,6,226.1,402.755
2024-03-29T21:00:00Z,19.3,74,823.661,76.28,10.8,169.7,720.9185
2024-03-29T22:00:00Z,21,73.466,824.176,69.656,14.5,142.3,966.518
2024-03-29T23:00:00Z,21,73.367,824.719,67.398,10.9,169.1,725.4780000000001
2024-03-30T00:00:00Z,21.233,72.834,825.304,72.535,12.2,158.7,810.0435
2024-03-30T01:00:00Z,22,72.733,825.934,82.658,196.4,15.9,13092.0185
2024-03-30T02:00:00Z,22,71.867,826.499,78.823,100.3,29.9,6689.535
2024-03-30T03:00:00Z,22.633,71.034,826.723,81.267,184,16.9,12263.9885
2024-03-30T04:00:00Z,23,70.534,826.59,84.571,128,23.8,8535.4285
2024-03-30T05:00:00Z,23.633,69.5,826.308,80.643,78.6,37.4,5241.82
2024-03-30T06:00:00Z,23.966,68.867,826.21,76.148,57.3,49.5,3820.8695
2024-03-30T07:00:00Z,24,68.034,826.115,72.661,42.9,63.5,2858.024
2024-03-30T08:00:00Z,23.733,68,825.935,71.025,34.3,76.3,2284.6985
2024-03-30T09:00:00Z,24,67.066,825.506,68.677,28.3,88.7,1887.48
2024-03-30T10:00:00Z,24,66.3,824.982,66.458,22.4,105.8,1492.055
2024-03-30T11:00:00Z,24,65.9,824.774,65.017,17.5,125.6,1169.0729999999999
2024-03-30T12:00:00Z,24.066,65.034,824.582,64.392,100.7,29.8,6712.861
2024-03-30T13:00:00Z,27.7,64.1,824.54,66.318,172.5,18,11500.673999999999
2024-03-30T14:00:00Z,31.5,63,824.549,56.859,35.4,74.4,2357.7725
2024-03-30T15:00:00Z,31.3,64.034,824.561,59.531,50,55.7,3335.934
2024-03-30T16:00:00Z,30.3,65.534,824.357,61.695,48.2,57.5,3213.038
2024-03-30T17:00:00Z,29.3,67.534,823.856,63.963,45.6,60.2,3041.509
2024-03-30T18:00:00Z,28.2,69.466,823.114,66.44,44.6,61.4,2975.1854999999996
2024-03-30T19:00:00Z,26.633,71.1,822.324,67.57,37.1,71.5,2475.493
2024-03-30T20:00:00Z,25.9,72.733,821.733,67.06,32.7,79.2,2180.182
2024-03-30T21:00:00Z,24.267,74.566,820.995,61.583,39,68.6,2601.0645
2024-03-30T22:00:00Z,23.567,75.833,820.514,64.076,198.8,15.7,13251.3835
2024-03-30T23:00:00Z,23,77.1,820.468,77.605,351.7,9,23448.2895
2024-03-31T00:00:00Z,23,77.066,820.432,82.679,189.4,16.4,12628.504
2024-03-31T01:00:00Z,25.2,77,820.361,97.615,496.9,6.4,33125.285
2024-03-31T02:00:00Z,24.767,76.066,820.658,98.724,532.2,6,35479.1305
2024-03-31T03:00:00Z,24,75.566,820.833,96.034,401.5,7.9,26766.7475
2024-03-31T04:00:00Z,24,74.5,820.567,92.471,283.9,11.1,18927.847
2024-03-31T05:00:00Z,24,73.433,820.503,91.782,359.7,8.8,23983.176
2024-03-31T06:00:00Z,24,72.034,820.641,82.665,207,15.1,13802.567
2024-03-31T07:00:00Z,23.466,71.7,820.575,74.655,108.3,27.9,7218.397999999999
2024-03-31T08:00:00Z,23.767,70.633,820.362,70.819,57.6,49.3,3840.714
2024-03-31T09:00:00Z,24,69.433,820.072,72.177,32.1,80.3,2141.1009999999997
2024-03-31T10:00:00Z,24.467,68.5,819.974,69.751,21.1,110.3,1408.924
2024-03-31T11:00:00Z,24.966,67.667,820.028,66.458,16.4,131.4,1093.311
2024-03-31T12:00:00Z,24.334,67.034,820.113,63.78,14.7,140.9,982.4035
2024-03-31T13:00:00Z,26.767,65.4,820.297,56.803,75.8,38.6,5054.075
2024-03-31T14:00:00Z,29.666,63.6,820.082,63.103,21.7,108.3,1445.4615
2024-03-31T15:00:00Z,29.733,65.267,819.688,69.618,93.2,32,6214.5045
2024-03-31T16:00:00Z,27.9,69.466,819.317,75.873,105.3,28.6,7020.797500000001
2024-03-31T17:00:00Z,27.967,68.633,818.802,91.045,83.5,35.4,5564.9285
2024-03-31T18:00:00Z,27.733,68.9,818.189,93.364,93.1,32.1,6204.311
2024-03-31T19:00:00Z,27.633,70.633,817.607,101.632,66.3,43.5,4421.543
2024-03-31T20:00:00Z,26.534,72.133,816.798,101.597,34.6,75.7,2307.4610000000002
2024-03-31T21:00:00Z,25.066,73.8,816.166,103.978,30.6,83.4,2042.0625
2024-03-31T22:00:00Z,24.133,76.7,815.691,121.895,498.7,6.4,33249.486
2024-03-31T23:00:00Z,23.633,76.033,815.744,109.305,522.6,6.1,34839.684
2024-04-01T00:00:00Z,24.4,75.2,815.972,131.145,659.8,4.9,43985.8915
2024-04-01T01:00:00Z,24.034,75,816.466,131.661,553.2,5.8,36882.3655
2024-04-01T02:00:00Z,24,74.8,817.388,123.159,353.1,9,23536.777000000002
2024-04-01T03:00:00Z,24.5,74,817.966,165.553,706.3,4.5,47088.4335
2024-04-01T04:00:00Z,24.966,72.834,818.128,170.325,752.3,4.3,50155.254
2024-04-01T05:00:00Z,25,72,818.815,146.331,555.6,5.8,37040.541
2024-04-01T06:00:00Z,24.966,71.3,819.165,127.187,357.9,8.9,23860.5105
2024-04-01T07:00:00Z,25.066,71,818.625,110.786,186,16.7,12402.024
2024-04-01T08:00:00Z,26,70.367,819.702,98.495,99.4,30.2,6629.504000000001
2024-04-01T09:00:00Z,26.434,69.966,819.966,91.542,74,39.5,4935.7945
2024-04-01T10:00:00Z,27,69,820.545,85.436,55.2,51.1,3681.402
2024-04-01T11:00:00Z,26.567,68.9,820.768,91.633,268.2,11.8,17879.154000000002
2024-04-01T12:00:00Z,26.1,68.1,821.215,101.985,735.3,4.4,49020.2405
2024-04-01T13:00:00Z,26,67.5,821.849,101.272,487.9,6.5,32526.118499999997
2024-04-01T14:00:00Z,26,67.966,822.288,97.876,298.8,10.6,19919.082000000002
2024-04-01T15:00:00Z,25.767,68.466,822.403,97.427,185.6,16.8,12372.009
2024-04-01T16:00:00Z,24.767,69.834,822.59,95.696,103.7,29,6914.8305
2024-04-01T17:00:00Z,23.9,71.833,822.408,94.546,51.1,54.7,3408.419
2024-04-01T18:00:00Z,23.2,72.934,822.349,92.713,25.3,96.6,1687.9645
2024-04-01T19:00:00Z,24.233,72.834,822.041,87.144,15.8,134.8,1051.7749999999999
2024-04-01T20:00:00Z,23.067,71,822.179,69.614,6,226.1,402.5965
2024-04-01T21:00:00Z,23.967,69.7,822.563,67.549,3.7,269.6,248.1025
2024-04-01T22:00:00Z,28.066,67.666,822.9,66.88,2.3,305.6,153.392
2024-04-01T23:00:00Z,27.9,68.767,823.938,69.161,338.4,9.4,22561.299
2024-04-02T00:00:00Z,27,69.133,824.931,79.585,300.8,10.5,20050.591
2024-04-02T01:00:00Z,26.6,69,825.753,81.309,164.5,18.8,10969.560000000001
2024-04-02T02:00:00Z,26,68.867,826.953,79.596,86.3,34.4,5751.2905
2024-04-02T03:00:00Z,26.7,68.3,827.898,111.472,397.5,8,26496.9055
2024-04-02T04:00:00Z,26.934,67.334,828.279,104.874,347.1,9.1,23137.2345
2024-04-02T05:00:00Z,26.066,67,828.861,90.848,207.3,15.1,13817.563999999998
2024-04-02T06:00:00Z,26,66.133,829.313,81.067,109.3,27.6,7285.691
2024-04-02T07:00:00Z,26,65.6,829.379,77.667,54.8,51.5,3654.3375
2024-04-02T08:00:00Z,26,64.633,829.604,81.857,28.6,88,1905.2125
2024-04-02T09:00:00Z,26,64,830.192,80.525,16.7,129.8,1113.6165
2024-04-02T10:00:00Z,26,63.034,830.842,77.284,12.4,157.1,823.5405
2024-04-02T11:00:00Z,25.566,63,831.325,75.568,10.1,176.7,670.94
2024-04-02T12:00:00Z,25.3,62.8,831.974,78.35,333.2,9.5,22214.945
2024-04-02T13:00:00Z,25.2,62,832.942,81,312.6,10.1,20838.79
2024-04-02T14:00:00Z,24.7,63,833.745,80.587,191.7,16.2,12782.3185
2024-04-02T15:00:00Z,23.9,64.5,834.141,80.037,114.6,26.4,7638.759
2024-04-02T16:00:00Z,22.966,66.267,834.259,81.38,66.3,43.6,4418.6515
2024-04-02T17:00:00Z,22,68.1,833.859,83.743,34.2,76.4,2280.474
2024-04-02T18:00:00Z,21.8,70.1,833.063,85.06,17.7,124.9,1179.0695
2024-04-02T19:00:00Z,18.2,70.8,832.351,67.703,4.6,252.2,303.557
2024-04-02T20:00:00Z,16.8,71.733,831.753,66.514,3.5,274.2,234.695
2024-04-02T21:00:00Z,15.3,73.433,831.455,69.723,4.7,249.9,311.31550000000004
2024-04-02T22:00:00Z,14,75.067,831.24,63.122,4.1,260.8,275.2255
2024-04-02T23:00:00Z,12.867,75.1,831.103,64.212,3.7,270.5,245.3785
2024-04-03T00:00:00Z,12.566,75.034,831.347,70.048,218.3,14.3,14556.406500000001
2024-04-03T01:00:00Z,13.334,75.566,831.659,88.844,40.4,66.7,2691.3140000000003
2024-04-03T02:00:00Z,15.466,76.567,832,102.132,6.5,219.6,431.06600000000003
2024-04-03T03:00:00Z,17,75.367,832.548,104.728,5.3,239,350.995
2024-04-03T04:00:00Z,17.534,74.067,832.385,105.387,4.9,244.7,329.9895
2024-04-03T05:00:00Z,18,73.166,831.963,101.369,4.5,252.4,302.757
2024-04-03T06:00:00Z,18,72.133,831.798,95.152,4.4,254.5,295.6775
2024-04-03T07:00:00Z,18,71.633,831.865,89.165,4.3,256.7,288.456
2024-04-03T08:00:00Z,18.267,70.6,831.779,83.085,4.3,257.9,284.481
2024-04-03T09:00:00Z,19,70,831.754,80.042,4.4,254.7,295.1335
2024-04-03T10:00:00Z,19,69.367,831.638,78.331,4.6,251.3,306.754
2024-04-03T11:00:00Z,19,69,831.715,77.672,4.9,245.6,326.628
2024-04-03T12:00:00Z,19.034,69,831.767,79.422,340.4,9.3,22695.731
2024-04-03T13:00:00Z,19,68.934,831.827,81.566,252.6,12.5,16841.0545
2024-04-03T14:00:00Z,18.9,69.3,831.88,78.505,124.2,24.5,8279.117
2024-04-03T15:00:00Z,18.066,70.967,831.877,78.989,57.8,49.1,3856.522
2024-04-03T16:00:00Z,18,73.466,831.757,82.858,23.9,100.9,1592.338
2024-04-03T17:00:00Z,18,75.534,831.493,85.554,11.7,162.3,779.29
2024-04-03T18:00:00Z,17.166,77.8,830.981,87.985,7.9,200.5,524.8675
2024-04-03T19:00:00Z,17,79.867,830.324,90.734,6.7,216.5,445.14250000000004
2024-04-03T20:00:00Z,17,81.166,829.712,93.621,6.5,219.8,430.002
2024-04-03T21:00:00Z,17,82.534,829.09,95.331,6.5,218.7,435.28999999999996
2024-04-03T22:00:00Z,17,83.933,828.721,97.609,6.8,214.6,454.2965
2024-04-03T23:00:00Z,13.5,84.667,828.577,100.481,75.9,38.6,5056.697
2024-04-04T00:00:00Z,10.367,84.2,828.488,63.587,22.9,104.1,1525.449
2024-04-04T01:00:00Z,11,82.3,828.641,59.24,4,263.9,265.422
2024-04-04T02:00:00Z,12.167,80.7,828.862,107.029,304.2,10.4,20281.165
2024-04-04T03:00:00Z,14.4,79.767,828.999,226.194,799.6,4,53308.4155
2024-04-04T04:00:00Z,15.1,78.466,828.86,187.781,627.4,5.1,41826.748
2024-04-04T05:00:00Z,15.934,76.834,828.84,150.613,424.2,7.5,28279.021
2024-04-04T06:00:00Z,16,76,828.605,124.898,243.8,12.9,16255.101999999999
2024-04-04T07:00:00Z,16,75.166,828.447,109.811,131.9,23.2,8794.151
2024-04-04T08:00:00Z,16,73.933,828.185,94.612,63.7,45.1,4244.880999999999
2024-04-04T09:00:00Z,16.934,72.6,828.086,83.279,30.3,84.1,2019.613
2024-04-04T10:00:00Z,17,71.434,827.997,74.852,16.5,130.9,1099.656
2024-04-04T11:00:00Z,17,71,827.987,71.737,102.1,29.4,6805.8975
2024-04-04T12:00:00Z,17.334,70.066,827.973,76.82,751.5,4.3,50098.2915
2024-04-04T13:00:00Z,17.1,69,828.109,68.433,489.8,6.5,32651.634
2024-04-04T14:00:00Z,17,69.7,828.157,67.938,291.7,10.8,19444.494
2024-04-04T15:00:00Z,16.6,71.7,827.958,68.77,145.7,21.1,9716.104500000001
2024-04-04T16:00:00Z,16,73.933,827.85,68.443,68.7,42.2,4577.9305
2024-04-04T17:00:00Z,15.267,76.3,827.399,68.164,29.1,86.9,1939.1565
2024-04-04T18:00:00Z,14.7,78.933,826.622,64.841,13.7,147.7,910.9435000000001
2024-04-04T19:00:00Z,14,80.833,825.746,62.064,8.5,193.6,563.6415
2024-04-04T20:00:00Z,13.267,82.7,824.817,60.432,6.6,217.3,441.4615
2024-04-04T21:00:00Z,10.534,85.034,824.043,59.719,4.5,252.6,302.3485
2024-04-04T22:00:00Z,11.233,86.267,823.433,69.747,4.6,252,304.251
2024-04-04T23:00:00Z,10.2,86.867,822.943,72.066,4.8,248,318.139
2024-04-05T00:00:00Z,10.566,87.767,822.54,68.294,139.3,22,9285.0625
2024-04-05T01:00:00Z,11.067,85.067,822.057,82.091,102.9,29.2,6861.6635
2024-04-05T02:00:00Z,13.166,83.534,822.56,104.579,119,25.5,7935.0425
2024-04-05T03:00:00Z,14,81.5,823.594,102.806,23.2,103,1547.7130000000002
2024-04-05T04:00:00Z,14,79.633,823.747,90.322,7.6,204.6,503.3375
2024-04-05T05:00:00Z,14,78.434,823.505,75.145,4.8,247.6,319.5005
2024-04-05T06:00:00Z,14.4,77.9,823.044,69.017,4.3,257.7,285.14599999999996
2024-04-05T07:00:00Z,15,76.566,822.604,64.74,4,264,265.0455
2024-04-05T08:00:00Z,15.8,75.733,822.078,62.463,3.9,266,259.113
2024-04-05T09:00:00Z,16,75,821.927,63.058,3.8,268.8,250.5975
2024-04-05T10:00:00Z,16,74.066,822.047,62.966,3.8,268.4,251.815
2024-04-05T11:00:00Z,16.4,73.667,822.21,63.966,,,8777.4085
2024-04-05T12:00:00Z,17.567,73.034,822.444,65.519,317.6,10,21170.409
2024-04-05T13:00:00Z,17.066,73,822.746,71.573,65.3,44.2,4351.121999999999
2024-04-05T14:00:00Z,18,72.5,822.745,75.396,22.2,106.4,1480.976
2024-04-05T15:00:00Z,18,72.966,822.307,71.433,11,167.7,736.173
2024-04-05T16:00:00Z,18,73.034,821.786,68.706,9.3,184.8,616.8064999999999
2024-04-05T17:00:00Z,17.3,74.367,821.011,67.833,10,177,668.4014999999999
2024-04-05T18:00:00Z,14.067,76.933,819.938,62.15,4.9,246.4,323.9105
2024-04-05T19:00:00Z,12.434,79.034,818.928,61.596,3,287.9,196.9515
2024-04-05T20:00:00Z,11.666,80.834,817.833,61.343,2.7,294.2,180.95749999999998
2024-04-05T21:00:00Z,10.367,82.434,816.766,60.967,2.6,298.5,170.327
2024-04-05T22:00:00Z,9.233,83.566,815.868,61.254,2.5,300.4,165.62400000000002
2024-04-05T23:00:00Z,7.833,84.166,815.336,66.053,13.9,146,928.242
2024-04-06T00:00:00Z,9,84,815.103,61.935,15.1,138.5,1008.82
2024-04-06T01:00:00Z,9.334,83.9,815.125,85.375,267.2,11.8,17815.4525
2024-04-06T02:00:00Z,8.933,82.9,815.347,90.196,41.8,64.9,2784.2039999999997
2024-04-06T03:00:00Z,10.3,81.867,815.275,85.605,9.6,181.2,639.9559999999999
2024-04-06T04:00:00Z,11,81.034,814.974,80.889,4.9,246.4,323.73699999999997
2024-04-06T05:00:00Z,11.2,80.1,814.317,73.756,4.5,252.5,302.5525
2024-04-06T06:00:00Z,12,79.066,813.654,66.424,3.7,271.2,243.477
2024-04-06T07:00:00Z,12.834,78.466,812.33,59.161,3.1,285.1,204.5125
2024-04-06T08:00:00Z,13,77.9,811.289,56.994,3.1,283.9,207.517
2024-04-06T09:00:00Z,13,77,810.091,55.634,3.1,284.8,205.33499999999998
2024-04-06T10:00:00Z,13,76.966,809.507,55.982,3,285.6,202.982
2024-04-06T11:00:00Z,13,76.033,810.315,59.267,2.6,297.4,172.898
2024-04-06T12:00:00Z,13,75,811.338,60.604,8.8,189.7,586.742
2024-04-06T13:00:00Z,12.834,73.367,811.861,60.351,424.6,7.5,28306.4225
2024-04-06T14:00:00Z,13,70.5,810.924,57.242,0.8,354.5,55.5765
2024-04-06T15:00:00Z,13.367,72.3,811.182,63.469,0.8,357.5,50.583
2024-04-06T16:00:00Z,13,73,812.093,66.04,0.5,366.9,34.9615
2024-04-06T17:00:00Z,12.834,73,812.301,67.404,0.5,369.3,31.070500000000003
2024-04-06T18:00:00Z,12,73,812.194,66.559,0.5,368.3,32.79
2024-04-06T19:00:00Z,12,73,812.218,64.964,0.5,366.9,35
2024-04-06T20:00:00Z,12,73.1,811.782,65.606,333.1,9.5,22207.802
2024-04-06T21:00:00Z,11.034,74.3,811.595,66.457,206.7,15.1,13776.9645
2024-04-06T22:00:00Z,11,75,811.668,67.917,398.3,8,26555.1575
2024-04-06T23:00:00Z,10.233,75.934,812.094,68.475,215.6,14.5,14370.082
2024-04-07T00:00:00Z,10.334,74.9,812.706,67.459,211.2,14.8,14076.749
2024-04-07T01:00:00Z,9.334,70.434,813.005,64.939,0.7,360.8,44.920500000000004
2024-04-07T02:00:00Z,10,70.9,813.183,75.291,262.4,12,17496.243499999997
2024-04-07T03:00:00Z,10,70.2,813.007,72.385,118.2,25.7,7883.0869999999995
2024-04-07T04:00:00Z,10,69.567,813.223,69.485,15,139,1003.0255000000001
2024-04-07T05:00:00Z,10,69,813.5,70.679,2.8,293.1,183.6995
2024-04-07T06:00:00Z,10,68.133,813.744,70.918,1.5,329,102.9585
2024-04-07T07:00:00Z,10,67.333,814.087,72.477,1.4,332.2,96.619
2024-04-07T08:00:00Z,10,67.034,815.632,72.212,1.3,336.6,88.082
2024-04-07T09:00:00Z,10.434,66.8,816.569,72.701,1.1,344.3,73.753
2024-04-07T10:00:00Z,10.9,66.034,816.92,72.311,1.1,346.2,70.2265
2024-04-07T11:00:00Z,10.959,66,817.622,72.48,0.9,352.4,59.2675
2024-04-07T12:00:00Z,10.959,65.934,818.429,73.107,0.7,358.9,48.2085
2024-04-07T13:00:00Z,11,65.575,819.048,72.948,263.4,12,17562.617
2024-04-07T14:00:00Z,10.534,66.067,819.815,72.006,250.3,12.6,16685.484
2024-04-07T15:00:00Z,11,66.334,820.021,71.947,119.7,25.4,7977.7075
2024-04-07T16:00:00Z,11.066,67.733,820.475,82.375,695,4.6,46334.7345
2024-04-07T17:00:00Z,11.1,69.2,820.681,83.016,320.8,9.9,21387.396
2024-04-07T18:00:00Z,11.534,71.7,820.653,110.393,417.2,7.6,27814.2275
2024-04-07T19:00:00Z,11,73.767,820.487,93.858,212.8,14.7,14184.1635
2024-04-07T20:00:00Z,11,75.6,820.388,83.91,74.3,39.3,4955.1095
2024-04-07T21:00:00Z,8.7,74.367,820.659,68.612,6.8,214.1,456.2925
2024-04-07T22:00:00Z,9.966,74.434,821.244,76.148,318.3,9.9,21222.154000000002
2024-04-07T23:00:00Z,10,78.1,821.874,73.206,234.2,13.4,15614.6985
2024-04-08T00:00:00Z,10,79.8,822.375,81.406,340.2,9.3,22678.8765
2024-04-08T01:00:00Z,9.733,78.367,822.669,78.641,382.4,8.3,25496.347999999998
2024-04-08T02:00:00Z,9,76.566,823.301,70.065,99.8,30.1,6650.0175
2024-04-08T03:00:00Z,9.5,74.667,824.918,69.253,130.6,23.4,8709.389
2024-04-08T04:00:00Z,10.233,73.7,825.173,80.936,755.9,4.3,50392.3545
2024-04-08T05:00:00Z,11,72.566,825.451,78.085,488.4,6.5,32560.9915
2024-04-08T06:00:00Z,11,71.534,825.245,74.873,272.9,11.6,18191.8415
2024-04-08T07:00:00Z,11,70.633,824.9,72.308,122.7,24.8,8177.905500000001
2024-04-08T08:00:00Z,11,69.733,824.676,71.444,54.2,52,3614.489
2024-04-08T09:00:00Z,11,69,824.484,71.177,23.5,102.2,1564.3555000000001
2024-04-08T10:00:00Z,11.767,68.133,824.697,70.444,10,176.8,669.7705000000001
2024-04-08T11:00:00Z,11.534,67.066,824.862,73.734,,,10549.246
2024-04-08T12:00:00Z,12,67,825.288,90.553,,,37334.399
2024-04-08T13:00:00Z,12,66.2,825.917,89.399,769.2,4.2,51278.3375
2024-04-08T14:00:00Z,12,67,826.605,86.771,519.1,6.2,34604.805
2024-04-08T15:00:00Z,12,68.233,826.986,83.908,328.9,9.6,21926.3665
2024-04-08T16:00:00Z,11.534,70.166,827.128,82.716,188.9,16.5,12593.3285
2024-04-08T17:00:00Z,11,72.733,827.048,80.93,89.4,33.3,5957.79
2024-04-08T18:00:00Z,11,74,826.684,81.552,42,64.6,2799.3680000000004
2024-04-08T19:00:00Z,11,74.7,826.688,79.903,19.9,115.2,1324.8195
2024-04-08T20:00:00Z,11,75.6,826.766,76.855,10.7,170.9,712.0519999999999
2024-04-08T21:00:00Z,10.633,77.867,826.657,76.731,7.5,204.9,502.1135
2024-04-08T22:00:00Z,10.034,79.834,826.677,80.18,6.5,219.2,432.92449999999997
2024-04-08T23:00:00Z,10.1,81.166,826.966,82.999,160.1,19.3,10670.830000000002
2024-04-09T00:00:00Z,10.6,82,827.199,85.318,362.8,8.8,24189.99
2024-04-09T01:00:00Z,8.666,79.3,827.571,73.776,118,25.7,7865.996499999999
2024-04-09T02:00:00Z,8.767,75.5,828.463,81.925,45.7,60.1,3048.5145
2024-04-09T03:00:00Z,9.6,75.767,829.354,106.653,79.9,36.8,5327.477
2024-04-09T04:00:00Z,10.4,74.434,830.206,109.313,33,78.6,2202.656
2024-04-09T05:00:00Z,11.434,73.067,830.846,103.126,14.5,142.1,969.3175
2024-04-09T06:00:00Z,12.566,71.6,831.037,95.72,8.3,195.9,550.2335
2024-04-09T07:00:00Z,13.133,70.467,830.898,90.143,5.3,238.6,352.592
2024-04-09T08:00:00Z,14,69.466,830.317,85.411,3.8,268.6,251.202
2024-04-09T09:00:00Z,14,68.5,829.868,80.889,2.9,289,194.136
2024-04-09T10:00:00Z,14.066,67.666,829.618,77.091,2.7,295.2,178.382
2024-04-09T11:00:00Z,14.267,67,829.385,75.9,2.9,289,194.1825
2024-04-09T12:00:00Z,15,66.166,829.572,80.465,471.5,6.8,31432.0445
2024-04-09T13:00:00Z,15,66,829.401,83.194,418.3,7.6,27885.6905
2024-04-09T14:00:00Z,14.4,67.233,829.248,84.498,249.9,12.6,16658.408
2024-04-09T15:00:00Z,14.7,68.3,829.539,81.963,134.6,22.7,8974.3085
2024-04-09T16:00:00Z,15,69.733,829.593,78.32,58.3,48.8,3885.833
2024-04-09T17:00:00Z,14.9,71.733,829.481,76.53,24.4,99.3,1626.9485
2024-04-09T18:00:00Z,13.9,74.034,828.625,79.41,14.8,140.6,984.994
2024-04-09T19:00:00Z,13,76.034,827.76,82.479,10.2,175.4,679.9125
2024-04-09T20:00:00Z,12.466,78.133,826.993,80.708,8,198.5,535.7885
2024-04-09T21:00:00Z,12,80.767,826.293,79.242,7.2,209.8,477.153
2024-04-09T22:00:00Z,11.7,82.966,826.091,80.423,6.9,213.9,457.589
2024-04-09T23:00:00Z,12.5,84.5,826.094,84.606,6.3,221.8,421.173
2024-04-10T00:00:00Z,12,85.733,826.36,84.962,231.5,13.6,15433.142
2024-04-10T01:00:00Z,12,85.466,826.928,83.305,132.5,23.1,8831.035
2024-04-10T02:00:00Z,12.2,83.133,827.971,100.313,625,5.1,41665.5545
2024-04-10T03:00:00Z,12.966,80.933,828.787,100.511,612.3,5.2,40819.422
2024-04-10T04:00:00Z,13,79.166,829.259,94.345,400.6,7.9,26709.097999999998
2024-04-10T05:00:00Z,13,78.633,829.323,89.473,242.5,13,16166.8285
2024-04-10T06:00:00Z,13,77.733,829.113,86.028,144.7,21.2,9649.4345
2024-04-10T07:00:00Z,13,76.466,829.088,81.74,75.8,38.6,5051.445
2024-04-10T08:00:00Z,13,75.367,829.139,78.737,35.7,73.8,2379.614
2024-04-10T09:00:00Z,13,74.067,829.555,74.832,16.7,129.8,1113.87
2024-04-10T10:00:00Z,13.409,72.9,829.774,72.284,9.2,184.9,616.336
2024-04-10T11:00:00Z,14,72,829.999,72.408,30.4,83.9,2025.4565000000002
2024-04-10T12:00:00Z,14,71.633,830.515,79.321,,,28706.835
2024-04-10T13:00:00Z,14.6,70.434,830.878,81.233,860.7,3.7,57381.880000000005
2024-04-10T14:00:00Z,15,70.267,831.042,80.599,627.6,5.1,41837.764500000005
2024-04-10T15:00:00Z,14,71.767,831.332,80.767,392.5,8.1,26168.5685
2024-04-10T16:00:00Z,13.867,74.034,831.597,82.004,223.9,14,14923.389
2024-04-10T17:00:00Z,13,76.4,831.619,78.162,92.9,32.1,6190.173000000001
2024-04-10T18:00:00Z,13,78.334,831.435,77.732,32.3,79.9,2154.9395
2024-04-10T19:00:00Z,13,79,831.188,77.977,13.3,150.6,883.485
2024-04-10T20:00:00Z,13.133,79.934,831.085,77.331,6.7,216.3,445.99649999999997
2024-04-10T21:00:00Z,14,80.133,831.094,74.987,5.2,240,347.187
2024-04-10T22:00:00Z,14.267,81,831.187,72.162,5,243.2,335.177
2024-04-10T23:00:00Z,14.7,81.533,831.775,74.192,230.9,13.6,15396.2565
2024-04-11T00:00:00Z,15,82,832.368,75.028,495.9,6.4,33062.839
2024-04-11T01:00:00Z,15,81.066,833.138,71.415,209.1,14.9,13942.751
2024-04-11T02:00:00Z,15.8,79.434,834.125,67.559,76.9,38.1,5128.634
2024-04-11T03:00:00Z,16.066,78.167,834.985,83.693,90.6,32.9,6037.211499999999
2024-04-11T04:00:00Z,16.966,76.667,835.197,157.529,516.3,6.2,34421.995500000005
2024-04-11T05:00:00Z,17,75.767,835.152,118.501,301.4,10.5,20093.955
2024-04-11T06:00:00Z,16.7,75,835.097,94.781,147.1,20.9,9806.6025
2024-04-11T07:00:00Z,16.4,74,834.808,78.683,58.9,48.3,3929.7675
2024-04-11T08:00:00Z,16.966,72.834,834.547,68.398,21.4,109.4,1424.2435
2024-04-11T09:00:00Z,17,71.966,834.366,60.148,9.4,183,628.101
2024-04-11T10:00:00Z,17,71.233,834.058,55.656,5.3,238.3,353.7815
2024-04-11T11:00:00Z,17,70.534,833.918,62.561,251.5,12.5,16769.9125
2024-04-11T12:00:00Z,17,69.633,833.92,120.14,825.3,3.9,55020.792
2024-04-11T13:00:00Z,17,69,833.907,94.987,550.3,5.8,36689.463
2024-04-11T14:00:00Z,16.566,69.466,833.74,78.776,295.4,10.7,19692.5815
2024-04-11T15:00:00Z,15.834,70.9,833.489,70.201,142.3,21.6,9483.651
2024-04-11T16:00:00Z,16,72.633,833.457,65.83,64.6,44.6,4304.098
2024-04-11T17:00:00Z,15.7,74.8,832.958,60.876,29.8,85.2,1986.5285
2024-04-11T18:00:00Z,15,76.534,832.332,58.254,16.4,131.4,1093.6995000000002
2024-04-11T19:00:00Z,15,78,831.573,57.993,10.5,172.9,697.6524999999999
2024-04-11T20:00:00Z,14.233,79.5,831.063,56.86,7.7,203.1,511.30150000000003
2024-04-11T21:00:00Z,12.9,79.1,830.431,56.886,6.5,219.2,432.66949999999997
2024-04-11T22:00:00Z,12.066,80,829.932,57.537,6.7,215.6,449.505
2024-04-11T23:00:00Z,12,80.934,829.744,57.74,6.7,216.5,445.4435
2024-04-12T00:00:00Z,11.733,80.833,829.74,58.195,27.9,89.7,1859.449
2024-04-12T01:00:00Z,12.033,79.4,830.004,67.817,234.7,13.4,15644.623500000002
2024-04-12T02:00:00Z,12.733,80.633,830.636,92.466,412.1,7.7,27472.511
2024-04-12T03:00:00Z,13.066,79.4,831.27,85.637,201.8,15.5,13455.752
2024-04-12T04:00:00Z,13.666,77.733,831.325,80.016,96.8,30.9,6452.546
2024-04-12T05:00:00Z,14,76.233,831.122,79.08,42.8,63.5,2855.2135
2024-04-12T06:00:00Z,14.267,74.767,831.038,76.769,19.9,115.1,1326.5324999999998
2024-04-12T07:00:00Z,14.966,73.867,830.845,74.803,12.3,157.2,823.1605
2024-04-12T08:00:00Z,14.966,72.9,830.567,74.802,9.3,184.5,618.836
2024-04-12T09:00:00Z,14.966,72.034,830.425,73.346,7.9,200.8,523.531
2024-04-12T10:00:00Z,15,71.233,830.385,70.472,6.8,214.3,455.38300000000004
2024-04-12T11:00:00Z,15,71,830.466,73.759,,,11014.843
2024-04-12T12:00:00Z,15,70.334,830.962,76.7,,,7628.4394999999995
2024-04-12T13:00:00Z,15.133,69.6,831.333,77.134,,,33530.7675
2024-04-12T14:00:00Z,15,69.933,831.425,77.442,780.7,4.1,52043.4725
2024-04-12T15:00:00Z,14.8,71.367,831.247,76.335,469.9,6.8,31324.3965
2024-04-12T16:00:00Z,13.666,73.767,831.337,73.181,211,14.8,14069.0845
2024-04-12T17:00:00Z,12.7,76.466,831.038,73.895,78.3,37.5,5221.1175
2024-04-12T18:00:00Z,11.8,78.9,830.277,75.911,21.8,107.8,1455.022
2024-04-12T19:00:00Z,11,80.9,829.724,74.1,7,212.5,464.1795
2024-04-12T20:00:00Z,10.9,82.834,829.158,75.993,3.8,267,255.826
2024-04-12T21:00:00Z,10.6,85.166,828.442,79.386,3.5,274.1,234.949
2024-04-12T22:00:00Z,9.7,87.4,828.003,84.404,99.6,30.1,6642.7875
2024-04-12T23:00:00Z,10.7,88.5,827.979,99.981,10,176.8,669.9549999999999
2024-04-13T00:00:00Z,11.867,87.966,827.844,113.101,304.3,10.4,20287.095999999998
2024-04-13T01:00:00Z,13.767,84.767,827.851,141.933,388.6,8.2,25908.5645
2024-04-13T02:00:00Z,13.834,83.267,828.351,304.803,169.7,18.3,11310.4475
2024-04-13T03:00:00Z,14.434,81.417,828.539,264.81,181.1,17.2,12073.3685
2024-04-13T04:00:00Z,15.034,79.8,828.428,232.456,348.1,9.1,23209.849
2024-04-13T05:00:00Z,15,78.7,828.419,196.846,153.4,20.1,10226.747
2024-04-13T06:00:00Z,14.966,77.733,828.083,170.038,76.4,38.4,5092.427
2024-04-13T07:00:00Z,15,76.534,827.672,138.842,45.1,60.8,3005.556
2024-04-13T08:00:00Z,15,75.733,827.375,115.271,29.5,85.8,1969.3310000000001
2024-04-13T09:00:00Z,15,75,827.609,91.869,20.1,114.5,1337.231
2024-04-13T10:00:00Z,15,75.1,827.468,77.293,,,4665.902
2024-04-13T11:00:00Z,14.966,76.233,827.689,74.251,,,37936.351500000004
2024-04-13T12:00:00Z,14,76,827.924,64.267,798.8,4,53255.157
2024-04-13T13:00:00Z,14,76,828.035,55.158,607.6,5.3,40504.837
2024-04-13T14:00:00Z,14,76.1,828.133,54.811,444,7.2,29603.0825
2024-04-13T15:00:00Z,13.566,77.867,828.183,54.807,262.7,12,17512.3465
2024-04-13T16:00:00Z,13.133,80.4,828.394,60.123,116.1,26.1,7737.341
2024-04-13T17:00:00Z,13,82.067,828.375,57.76,43.9,62.3,2924.764
2024-04-13T18:00:00Z,13,84.333,827.992,56.791,15.4,136.7,1028.9125
2024-04-13T19:00:00Z,13,86.067,827.807,57.474,8.7,190.3,583.2885
2024-04-13T20:00:00Z,12.334,87.7,827.687,67.211,8.3,195.7,551.829
2024-04-13T21:00:00Z,9.9,89.5,827.326,134.637,110.8,27.3,7387.152
2024-04-13T22:00:00Z,9.233,91.2,827.263,72.776,229.6,13.7,15309.179
2024-04-13T23:00:00Z,8.666,91.767,827.379,71.781,306.9,10.3,20460.784
2024-04-14T00:00:00Z,9.7,92,827.577,71.353,211.1,14.8,14075.768
2024-04-14T01:00:00Z,10.767,91.3,827.751,80.472,65.8,43.8,4387.6865
2024-04-14T02:00:00Z,12.7,88.133,828.359,90.373,269.8,11.7,17986.677499999998
2024-04-14T03:00:00Z,15.733,84,828.916,112.525,241.5,13,16103.168000000001
2024-04-14T04:00:00Z,15.066,81.667,828.991,106.094,52.5,53.4,3501.558
2024-04-14T05:00:00Z,15.6,80.067,829.22,103.398,18.1,123,1206.5504999999998
2024-04-14T06:00:00Z,16,78.467,829.166,98.41,11.4,164.9,758.7405
2024-04-14T07:00:00Z,16,77.466,829.125,93.969,8.8,189.3,588.922
2024-04-14T08:00:00Z,16,76.5,828.966,87.535,7.2,209.8,477.396
2024-04-14T09:00:00Z,15.366,75.733,828.825,80.886,6.1,224.6,409.0125
2024-04-14T10:00:00Z,15.367,75,828.798,73.969,5.7,231.5,380.328
2024-04-14T11:00:00Z,15.267,74.2,828.93,68.654,6,227.4,397.1835
2024-04-14T12:00:00Z,15.833,73.7,829.156,60.369,65.1,44.3,4339.3215
2024-04-14T13:00:00Z,16,73.667,829.55,83.436,37.7,70.5,2516.0605
2024-04-14T14:00:00Z,15.034,74.467,829.621,97.299,9.2,185.6,611.5255
2024-04-14T15:00:00Z,14.8,76.133,829.665,97.126,8,199.2,532.231
2024-04-14T16:00:00Z,14,78.5,829.552,96.353,7.5,204.9,502.0825
2024-04-14T17:00:00Z,12.034,81.633,828.952,77.995,6.5,219.5,431.56600000000003
2024-04-14T18:00:00Z,12.6,84.067,828.029,79.762,177.4,17.5,11826.785500000002
2024-04-14T19:00:00Z,12.8,85.434,826.794,82.211,56.5,50.1,3767.301
2024-04-14T20:00:00Z,12.7,86.267,825.928,88.482,10.5,172.3,701.8305
2024-04-14T21:00:00Z,10.834,87.267,824.933,79.322,58.9,48.3,3926.529
2024-04-14T22:00:00Z,10.1,88.633,823.957,73.086,78.7,37.4,5244.666499999999
2024-04-14T23:00:00Z,8.867,89.433,823.415,68.869,114.2,26.5,7616.282999999999
2024-04-15T00:00:00Z,7.7,88.867,822.706,73.901,14.6,141.6,974.8615
2024-04-15T01:00:00Z,8.066,87.433,822.342,80.624,5.3,238.4,353.111
2024-04-15T02:00:00Z,9,85.966,822.721,97.039,192.9,16.2,12860.206999999999
2024-04-15T03:00:00Z,9.1,84.566,823.025,83.064,26.1,94.5,1737.6835
2024-04-15T04:00:00Z,9.5,83.267,823.043,76.636,5.9,228.8,391.2895
2024-04-15T05:00:00Z,10,82.633,822.458,74.877,5.1,242.2,338.863
2024-04-15T06:00:00Z,10,84.067,822,77.684,4.8,247,321.463
2024-04-15T07:00:00Z,10,84.1,821.51,79.981,5.2,241,343.5355
2024-04-15T08:00:00Z,10,83.033,820.594,78.774,5.1,242,339.68399999999997
2024-04-15T09:00:00Z,10,82.067,820.257,78.79,4.9,245.6,326.733
2024-04-15T10:00:00Z,10,80.966,819.984,78.151,4.6,252.2,303.63800000000003
2024-04-15T11:00:00Z,10,80.066,819.889,81.922,109,27.7,7265.039
2024-04-15T12:00:00Z,10.633,79.5,819.702,122.255,665.2,4.8,44348.153000000006
2024-04-15T13:00:00Z,11,78.5,819.919,107.347,710,4.5,47331.841
2024-04-15T14:00:00Z,11,78.666,819.684,91.136,420.3,7.6,28017.9
2024-04-15T15:00:00Z,11,79.834,818.999,83.578,209,15,13936.645499999999
2024-04-15T16:00:00Z,10.233,81.767,818.082,77.804,74.9,39.1,4990.686
2024-04-15T17:00:00Z,9.834,84.067,817.067,74.709,18.1,122.9,1206.7005
2024-04-15T18:00:00Z,8.733,86.233,815.727,72.446,6.8,214.5,454.591
2024-04-15T19:00:00Z,7.166,87.7,814.435,70.042,3.8,268,252.954
2024-04-15T20:00:00Z,6.333,88.733,813.785,71.252,2.9,290,191.5775
2024-04-15T21:00:00Z,6.1,89.267,813.514,72.902,2.7,293.4,182.9505
2024-04-15T22:00:00Z,4,87.6,813.774,74.821,2.1,312.3,138.1615
2024-04-15T23:00:00Z,6.234,88.7,815.483,68.976,116.4,26.1,7761.261
2024-04-16T00:00:00Z,8.3,87.566,816.001,59.54,447.9,7.1,29859.924
2024-04-16T01:00:00Z,9,86.267,817.278,60.328,390.7,8.1,26048.3355
2024-04-16T02:00:00Z,9.767,84.966,818.072,61.705,88.8,33.5,5917.575999999999
2024-04-16T03:00:00Z,10,83.4,817.947,63.77,14.4,143,959.1955
2024-04-16T04:00:00Z,10,82.066,817.379,65.953,3.2,282.6,211.1245
2024-04-16T05:00:00Z,10,81.066,816.798,67.351,1.5,331.2,98.662
2024-04-16T06:00:00Z,10,80.1,816.851,66.93,0.9,351.9,60.193
2024-04-16T07:00:00Z,10.334,79.6,816.745,66.633,0.6,363.7,40.144999999999996
2024-04-16T08:00:00Z,11,78.666,816.735,67.781,0.5,368.3,32.667
2024-04-16T09:00:00Z,11.434,78,817.436,68.504,0.4,371.9,27.029
2024-04-16T10:00:00Z,12.267,77.5,819.094,67.432,0.4,373.1,25.113
2024-04-16T11:00:00Z,13.8,76.966,819.504,63.385,0.5,369.8,30.2765
2024-04-16T12:00:00Z,14.966,76.233,819.838,63.773,0.5,366.3,36.007000000000005
2024-04-16T13:00:00Z,16.1,76,820.429,69.363,608.1,5.3,40542.657
2024-04-16T14:00:00Z,17.367,76,820.885,70.657,353.2,9,23547.5565
2024-04-16T15:00:00Z,16.7,77.4,821.457,144.43,153.3,20.1,10217.9575
2024-04-16T16:00:00Z,16.267,77.133,822.462,53.466,45.6,60.3,3039.9205
2024-04-16T17:00:00Z,16.434,77.5,823.338,57.939,1.4,333.6,93.9155
2024-04-16T18:00:00Z,15.8,79.5,823.693,65.063,363.1,8.7,24208.6145
2024-04-16T19:00:00Z,15,80.2,824.274,64.747,204.5,15.3,13634.515
2024-04-16T20:00:00Z,14.866,80,824.341,61.436,9.7,180.6,643.9215
2024-04-16T21:00:00Z,14,80.6,824.163,62.844,2.9,288.5,195.467
2024-04-16T22:00:00Z,13.966,81.233,824.016,63.392,3.9,266.7,256.7335
2024-04-16T23:00:00Z,13.8,80.8,824.544,62.737,3.4,277.3,225.7765
2024-04-17T00:00:00Z,13.833,79.667,824.538,62.499,3.8,268.5,251.30599999999998
2024-04-17T01:00:00Z,14.6,81.966,824.855,85.77,199.4,15.6,13290.399000000001
2024-04-17T02:00:00Z,13.233,83,825.645,84.98,173.7,17.9,11577.7735
2024-04-17T03:00:00Z,13,82,826.447,83.278,92.9,32.1,6190.4015
2024-04-17T04:00:00Z,13,81.367,826.65,80.785,60.1,47.5,4004.7555
2024-04-17T05:00:00Z,13.8,80.034,826.686,81.114,531,6,35399.4615
2024-04-17T06:00:00Z,13.8,79,826.708,79.751,336.7,9.4,22447.7425
2024-04-17T07:00:00Z,13,78.2,826.799,79.103,187.8,16.6,12517.0415
2024-04-17T08:00:00Z,13,77.834,826.843,77.09,91.2,32.6,6082.451499999999
2024-04-17T09:00:00Z,13.367,76.966,826.926,75.049,41.1,65.8,2737.8154999999997
2024-04-17T10:00:00Z,14,76.034,826.9,72.578,19.2,118.1,1279.3505
2024-04-17T11:00:00Z,14,76,826.869,82.971,343.9,9.2,22927.574
2024-04-17T12:00:00Z,14,75.434,826.784,105.09,720.7,4.5,48043.9445
2024-04-17T13:00:00Z,14,75,826.867,101.239,506.5,6.3,33769.941
2024-04-17T14:00:00Z,14,75.267,826.677,102.166,328.9,9.6,21923.39
2024-04-17T15:00:00Z,13.034,76.8,826.457,99.558,212.2,14.7,14145.766
2024-04-17T16:00:00Z,13,78.7,826.052,92.06,107.7,28,7182.183
2024-04-17T17:00:00Z,12.244,80.533,825.444,83.112,32,80.5,2136.0834999999997
2024-04-17T18:00:00Z,12,82.642,824.731,80.017,14,145.5,933.056
2024-04-17T19:00:00Z,12.633,84.733,824.04,76.885,8.2,196,549.9575
2024-04-17T20:00:00Z,12.534,86.566,823.514,74.367,6.7,216.2,446.52049999999997
2024-04-17T21:00:00Z,11.7,87.433,823.014,66.943,6.3,222.2,419.61
2024-04-17T22:00:00Z,11,87.8,822.902,91.995,7.1,210.3,474.868
2024-04-17T23:00:00Z,11.7,88.1,823.37,101.62,426.8,7.5,28451.1135
2024-04-18T00:00:00Z,13.5,87.966,824.659,94.883,514.2,6.2,34277.063500000004
2024-04-18T01:00:00Z,16.034,84.467,826.871,54.867,110.8,27.3,7385.9535
2024-04-18T02:00:00Z,15,84.1,828.809,65.655,141.8,21.7,9451.497
2024-04-18T03:00:00Z,15.534,82.966,830.501,83.976,384.6,8.3,25642.313000000002
2024-04-18T04:00:00Z,16,81.466,831.899,102.281,222.9,14.1,14859.501
2024-04-18T05:00:00Z,16,79.8,832.772,85.32,54,52.1,3602.5965
2024-04-18T06:00:00Z,16,78.334,833.33,78.974,13.4,149.8,890.6025
2024-04-18T07:00:00Z,16,77.166,833.534,75.908,5.9,228.6,392.14549999999997
2024-04-18T08:00:00Z,16,76.267,833.551,73.498,3.6,272.8,238.7545
2024-04-18T09:00:00Z,16,75.3,833.49,72.804,2.9,288.8,194.7915
2024-04-18T10:00:00Z,16,74.5,833.868,72.392,2.9,288.2,196.2945
2024-04-18T11:00:00Z,16,73.6,834.029,74.097,2.9,289.3,193.358
2024-04-18T12:00:00Z,16,73,834.551,80.624,486.5,6.6,32433.762499999997
2024-04-18T13:00:00Z,16,72.6,835.001,85.517,320.6,9.9,21370.137000000002
2024-04-18T14:00:00Z,16,72,835.348,88.04,148.8,20.7,9921.972000000002
2024-04-18T15:00:00Z,16.2,71.934,835.533,80.557,63.1,45.5,4208.781
2024-04-18T16:00:00Z,17,71,835.723,75.831,25.8,95.2,1720.0529999999999
2024-04-18T17:00:00Z,17,71,835.459,72.578,13.3,150.2,887.269
2024-04-18T18:00:00Z,17,71,835.075,70.567,8.6,191.6,575.399
2024-04-18T19:00:00Z,17,71,834.839,69.248,6.4,220.6,426.591
2024-04-18T20:00:00Z,17,70.8,834.548,68.781,5.4,236.4,361.0645
2024-04-18T21:00:00Z,17.934,70.267,834.125,68.454,5.9,227.7,396.074
2024-04-18T22:00:00Z,17.534,70.066,834.16,69.042,6.9,213.1,461.331
2024-04-18T23:00:00Z,17.4,70,834.304,72.209,162.8,19,10852.168
2024-04-19T00:00:00Z,18.733,69.7,834.609,69.077,220.8,14.2,14719.485
2024-04-19T01:00:00Z,19.633,69.4,834.806,66.341,62.5,45.9,4165.1175
2024-04-19T02:00:00Z,19,69,835.167,69.612,31.5,81.7,2097.512
2024-04-19T03:00:00Z,19,69,835.59,70.898,18.8,119.6,1256.3339999999998
2024-04-19T04:00:00Z,19,68.233,835.224,70.215,12.8,153.5,856.213
2024-04-19T05:00:00Z,19,68,834.945,69.077,9,187.8,598.0350000000001
2024-04-19T06:00:00Z,19,68,834.511,68.706,6,227.3,397.719
2024-04-19T07:00:00Z,19,68,834.072,68.118,3.8,266.8,256.4485
2024-04-19T08:00:00Z,19,67.966,833.384,67.972,3.1,284.7,205.5115
2024-04-19T09:00:00Z,19,67.5,833.023,67.954,3.3,278.9,221.393
2024-04-19T10:00:00Z,19,67,833.006,67.126,3.6,271.5,242.4565
2024-04-19T11:00:00Z,19.2,67.034,832.771,72.208,91.6,32.5,6109.040000000001
2024-04-19T12:00:00Z,23.466,65.4,832.99,106.63,178,17.4,11865.9905
2024-04-19T13:00:00Z,24.233,64.7,833.271,80.526,7.7,202.9,512.4835
2024-04-19T14:00:00Z,22.034,65.1,833.457,76.571,6.3,222.2,419.581
2024-04-19T15:00:00Z,21.567,65.433,833.491,75.526,5.5,235,366.56449999999995
2024-04-19T16:00:00Z,21.034,65.966,833.729,74.005,4.9,246.2,324.506
2024-04-19T17:00:00Z,21,66.267,833.945,69.371,5.2,240,347.1685
2024-04-19T18:00:00Z,21,66.966,833.939,68.59,6.1,225.3,406.20799999999997
2024-04-19T19:00:00Z,21.233,67,833.951,66.531,6.7,216.3,446.01750000000004
2024-04-19T20:00:00Z,21.733,67,834.15,65.439,7.1,210.3,474.75800000000004
2024-04-19T21:00:00Z,22,67.1,834.516,66.048,7.5,205.7,497.70799999999997
2024-04-19T22:00:00Z,22,67,834.913,68.402,6,226.3,401.942
2024-04-19T23:00:00Z,21.334,67,835.463,68.628,5.3,238.6,352.5625
2024-04-20T00:00:00Z,21.367,67,835.812,76.394,226.6,13.8,15108.7305
2024-04-20T01:00:00Z,21.1,67,836.206,78.85,483.4,6.6,32225.076
2024-04-20T02:00:00Z,21,66.667,836.899,76.154,396,8,26399.086499999998
2024-04-20T03:00:00Z,21,66.534,837.618,74.816,224.3,14,14952.774
2024-04-20T04:00:00Z,21,66.034,837.804,72.909,116.8,26,7789.344499999999
2024-04-20T05:00:00Z,20.834,66,837.638,71.205,58.9,48.4,3925.358
2024-04-20T06:00:00Z,20.966,65.6,837.641,70.571,31.5,81.5,2101.64
2024-04-20T07:00:00Z,20.8,65,837.454,70.428,20.6,112.3,1373.3319999999999
2024-04-20T08:00:00Z,20.267,65,837.081,70.267,16.4,131.6,1090.7714999999998
2024-04-20T09:00:00Z,20,65,836.894,70.276,14.7,141.1,980.1590000000001
2024-04-20T10:00:00Z,20,64.966,836.679,70.614,14.5,142.6,963.543
2024-04-20T11:00:00Z,20.067,64.467,836.27,70.671,14.9,139.9,993.0475
2024-04-20T12:00:00Z,20.133,64.733,836.279,70.683,37.9,70.3,2526.6815
2024-04-20T13:00:00Z,26.233,60.783,836.54,63.621,227.5,13.8,15168.483499999998
2024-04-20T14:00:00Z,26.067,61.383,836.437,71.909,300.5,10.5,20032.455
2024-04-20T15:00:00Z,26,62.534,836.11,70.384,174.9,17.7,11657.331
2024-04-20T16:00:00Z,25.966,63.5,835.834,69.325,97.4,30.7,6494.5785
2024-04-20T17:00:00Z,26.767,63.367,835.619,67.269,206.9,15.1,13790.0195
2024-04-20T18:00:00Z,27.7,62.8,835.376,77.57,160.2,19.3,10681.9115
2024-04-20T19:00:00Z,32.733,58.1,835.613,95.268,15.4,137.2,1023.7484999999999
2024-04-20T20:00:00Z,30.267,60.467,835.853,91.18,267.3,11.8,17822.3805
2024-04-20T21:00:00Z,27.534,62.3,836.074,92.266,519.8,6.2,34653.604
2024-04-20T22:00:00Z,26.1,62.933,836.639,89.009,335.5,9.5,22365.5275
2024-04-20T23:00:00Z,25.366,63,837.168,87.806,304.4,10.4,20294.624499999998
2024-04-21T00:00:00Z,25.233,63,837.392,90.121,655.8,4.9,43721.949
2024-04-21T01:00:00Z,24.8,63,837.644,88.981,437.7,7.3,29183.075
2024-04-21T02:00:00Z,24,63,838.083,88.554,268.3,11.7,17885.292
2024-04-21T03:00:00Z,24,63,838.795,88.657,158.3,19.5,10556.61
2024-04-21T04:00:00Z,23.534,63,838.911,88.755,93.4,31.9,6229.634
2024-04-21T05:00:00Z,23,63,838.955,89.246,57.3,49.5,3823.0344999999998
2024-04-21T06:00:00Z,23.034,63,838.862,89.641,39.2,68.4,2610.576
2024-04-21T07:00:00Z,23,63,838.548,89.709,30.2,84.4,2012.98
2024-04-21T08:00:00Z,23,63,838.049,89.851,25.5,96,1702.1025
2024-04-21T09:00:00Z,23,62.933,837.808,90.483,23.8,101.1,1588.5169999999998
2024-04-21T10:00:00Z,23,62.867,837.615,90.743,23.8,101.2,1584.903
2024-04-21T11:00:00Z,23,62.567,837.334,94.113,24.8,98.2,1650.4315000000001
2024-04-21T12:00:00Z,23.034,62.367,837.483,97.591,27.3,91.3,1818.6260000000002
2024-04-21T13:00:00Z,23,62.567,837.691,97.263,29.5,85.8,1969.595
2024-04-21T14:00:00Z,23.566,62.666,837.721,102.922,462.3,6.9,30818.3925
2024-04-21T15:00:00Z,23.867,63.1,837.437,101.196,829.6,3.9,55308.2365
2024-04-21T16:00:00Z,23.4,63.933,837.22,95.462,660.4,4.9,44025.427500000005
2024-04-21T17:00:00Z,23,65.534,836.618,98.803,448,7.1,29866.997000000003
2024-04-21T18:00:00Z,25.167,66.5,835.743,93.98,195.3,16,13018.635
2024-04-21T19:00:00Z,26.133,68.9,834.704,87.5,141.7,21.7,9449.975999999999
2024-04-21T20:00:00Z,25.533,71.733,833.753,89.011,104.3,28.9,6950.781000000001
2024-04-21T21:00:00Z,24.2,74.834,832.712,88.425,48.2,57.5,3213.6155
2024-04-21T22:00:00Z,22,78.033,831.718,87.84,48.1,57.6,3203.587
2024-04-21T23:00:00Z,20.433,79.7,830.986,90.188,327,9.7,21800.594
2024-04-22T00:00:00Z,18.333,81,830.282,88.12,94.3,31.7,6284.052
2024-04-22T01:00:00Z,19.534,78.4,829.841,78.005,26.9,92.3,1792.844
2024-04-22T02:00:00Z,22.166,75.767,829.825,72.977,20.1,114.4,1338.76
2024-04-22T03:00:00Z,23.966,73.534,829.757,70.595,26.3,93.8,1754.1025
2024-04-22T04:00:00Z,23.867,73.034,829.343,78.008,527.8,6.1,35189.9655
2024-04-22T05:00:00Z,23,73,828.668,79.255,396.3,8,26420.4545
2024-04-22T06:00:00Z,23,72.267,828.208,79.137,230.4,13.6,15361.1895
2024-04-22T07:00:00Z,22.666,72,827.811,78.892,130.5,23.4,8701.2255
2024-04-22T08:00:00Z,22,71,827.074,79.661,78.7,37.3,5245.7705
2024-04-22T09:00:00Z,22,70.633,826.599,83.99,48.6,57.1,3237.9224999999997
2024-04-22T10:00:00Z,21.233,69.966,826.397,84.703,27.9,89.8,1858.1064999999999
2024-04-22T11:00:00Z,21,69.534,825.801,85.936,33,78.6,2200.611
2024-04-22T12:00:00Z,20.7,69.633,825.743,104.602,757.2,4.2,50478.604
2024-04-22T13:00:00Z,20,69.034,825.954,101.354,801.5,4,53433.229
2024-04-22T14:00:00Z,20,69.9,826.005,99.743,617.4,5.2,41162.1355
2024-04-22T15:00:00Z,19.233,71.834,825.856,95.484,407,7.8,27136.428
2024-04-22T16:00:00Z,18.267,74.8,825.729,91.654,210.7,14.8,14044.045
2024-04-22T17:00:00Z,18.133,77.566,825.499,90.587,98.8,30.3,6587.346
2024-04-22T18:00:00Z,18.434,78.8,824.983,85.859,32.2,80.1,2149.233
2024-04-22T19:00:00Z,18.133,80.2,824.745,82.984,10.7,170.5,715.524
2024-04-22T20:00:00Z,18,81,824.766,83.237,7.9,200.5,525.2085
2024-04-22T21:00:00Z,17.767,81.9,824.366,82.631,6.3,222.6,417.577
2024-04-22T22:00:00Z,15.367,83,824.032,78.19,4.9,245.2,328.03099999999995
2024-04-22T23:00:00Z,16,83.4,824.007,79.274,10.6,171.5,707.7755
2024-04-23T00:00:00Z,13.534,84.666,823.855,70.878,40.6,66.5,2704.312
2024-04-23T01:00:00Z,12.366,85,824.005,82.541,288.9,10.9,19258.125
2024-04-23T02:00:00Z,14.034,84.233,824.546,79.848,211.7,14.8,14111.516
2024-04-23T03:00:00Z,15,83.367,825.013,79.637,113.3,26.7,7554.559499999999
2024-04-23T04:00:00Z,16,82,825.278,81.844,63.5,45.2,4235.9349999999995
2024-04-23T05:00:00Z,16.533,80.6,825.255,83.416,35.8,73.6,2387.6255
2024-04-23T06:00:00Z,17,79.166,825.615,84.917,23.2,103,1547.0194999999999
2024-04-23T07:00:00Z,16.6,79,826.167,85.106,16.5,131,1098.4535
2024-04-23T08:00:00Z,16.966,78.367,827.563,82.043,13.2,150.8,881.3620000000001
2024-04-23T09:00:00Z,17,77.367,829.356,73.886,10.5,172.3,702.1825
2024-04-23T10:00:00Z,17,76.034,830.614,72.225,7.9,199.8,528.8154999999999
2024-04-23T11:00:00Z,17,74.834,831.685,71.894,211.7,14.8,14114.107
2024-04-23T12:00:00Z,17,73.834,832.539,91.773,,,24179.019500000002
2024-04-23T13:00:00Z,17,73,833.298,107.636,802.2,4,53479.425
2024-04-23T14:00:00Z,17,73,833.306,96.315,577.1,5.6,38471.907
2024-04-23T15:00:00Z,16.166,73.867,833.088,88.316,366,8.7,24398.1065
2024-04-23T16:00:00Z,15.534,74.933,832.895,80.149,190.3,16.4,12687.08
2024-04-23T17:00:00Z,15,76.4,832.63,73.393,72.6,40.1,4841.0095
2024-04-23T18:00:00Z,15,78.133,832.149,69.32,25.8,95.3,1718.561
2024-04-23T19:00:00Z,15,79.434,831.642,64.976,13.5,148.5,903.2265
2024-04-23T20:00:00Z,15,80.466,831.653,61.81,9.4,183.1,627.8905
2024-04-23T21:00:00Z,15,81.9,831.24,63.736,8,199.1,532.537
2024-04-23T22:00:00Z,15.166,82.867,831.101,65.004,7.7,202.8,512.9285
2024-04-23T23:00:00Z,16,83.066,831.058,70.349,156.7,19.7,10446.684000000001
2024-04-24T00:00:00Z,16,83,831.294,66.898,230.9,13.6,15393.133
2024-04-24T01:00:00Z,16.733,82.666,831.464,68.249,98.9,30.3,6596.456
2024-04-24T02:00:00Z,17,81.534,832.085,68.575,37.3,71.2,2489.251
2024-04-24T03:00:00Z,17.9,79.834,832.897,69.803,133.5,22.9,8898.5995
2024-04-24T04:00:00Z,18.133,78.867,832.676,71.679,338.2,9.4,22543.49
2024-04-24T05:00:00Z,18.533,78,832.291,70.703,166.6,18.6,11105.268
2024-04-24T06:00:00Z,19,77.033,832.279,69.276,70.2,41.4,4677.409
2024-04-24T07:00:00Z,19.066,75.966,832.085,67.868,29.4,86.1,1959.7815
2024-04-24T08:00:00Z,20,74.966,831.711,64.88,17.8,124.5,1184.292
2024-04-24T09:00:00Z,20,74,831.429,63.573,13.9,146,928.486
2024-04-24T10:00:00Z,20,73.434,831.096,61.735,12,159.9,799.6234999999999
2024-04-24T11:00:00Z,20,73,830.856,62.758,60.7,47.1,4046.4065
2024-04-24T12:00:00Z,20,72.3,830.778,83.076,,,27559.808
2024-04-24T13:00:00Z,20.8,71.867,830.588,80.384,804.5,4,53630.333
2024-04-24T14:00:00Z,20.966,72.034,830.043,75.972,528.6,6.1,35237.2215
2024-04-24T15:00:00Z,20.9,73,829.907,76.626,282.2,11.2,18813.431
2024-04-24T16:00:00Z,19.8,74.834,829.756,77.915,157.8,19.6,10519.9025
2024-04-24T17:00:00Z,19,77.633,829.207,80.511,87.6,33.9,5841.393
2024-04-24T18:00:00Z,18.267,79.9,828.418,82.745,45.5,60.4,3030.2325
2024-04-24T19:00:00Z,18,82.133,827.624,82.484,23.3,102.6,1556.419
2024-04-24T20:00:00Z,17.7,84.367,826.764,82.922,14.2,144.2,946.8075
2024-04-24T21:00:00Z,15.966,86.9,825.908,77.368,11.1,167.3,739.326
2024-04-24T22:00:00Z,16.8,88.3,825.23,79.024,11,168,734.1044999999999
2024-04-24T23:00:00Z,17,89.5,825.192,71.429,125.7,24.2,8382.6035
2024-04-25T00:00:00Z,17.8,89.633,825.005,70.459,69.9,41.5,4662.891
2024-04-25T01:00:00Z,18.633,87.5,824.853,75.546,215.4,14.5,14361.5
2024-04-25T02:00:00Z,20.367,83.367,824.964,87.311,282,11.2,18799.372000000003
2024-04-25T03:00:00Z,21,81.934,825.562,94.76,58.1,48.9,3873.75
2024-04-25T04:00:00Z,21,80.833,825.456,100.387,15.6,135.8,1040.2945
2024-04-25T05:00:00Z,21,79.966,825.545,94.281,10,177.3,666.629
2024-04-25T06:00:00Z,20.966,79.2,825.441,88.162,8.6,192.5,570.1065
2024-04-25T07:00:00Z,20.966,78.534,825.319,79.876,8.6,192.1,572.5245
2024-04-25T08:00:00Z,21.1,77.566,825.194,70.416,11,167.8,735.9590000000001
2024-04-25T09:00:00Z,21.9,76.8,824.853,63.789,13.5,149.1,897.531
2024-04-25T10:00:00Z,22,76,825.097,59.039,16.1,133,1073.8025
2024-04-25T11:00:00Z,22.034,75.567,825.088,59.056,175.1,17.7,11671.030999999999
2024-04-25T12:00:00Z,22,76,825.096,70.191,823.2,3.9,54881.558000000005
2024-04-25T13:00:00Z,21.966,76.034,825.111,68.98,720.7,4.5,48043.651
2024-04-25T14:00:00Z,22,76,824.599,66.761,516,6.2,34401.119
2024-04-25T15:00:00Z,21.666,77.1,823.84,66.264,346.9,9.1,23124.985500000003
2024-04-25T16:00:00Z,21,78.9,823.188,67.553,221.5,14.1,14769.388500000001
2024-04-25T17:00:00Z,20.034,81.5,822.542,70.821,124,24.6,8269.047999999999
2024-04-25T18:00:00Z,20.034,83.566,821.538,71.141,71.8,40.6,4784.3150000000005
2024-04-25T19:00:00Z,22.4,85.467,820.296,56.272,32.7,79.2,2178.896
2024-04-25T20:00:00Z,21.433,87.367,819.553,52.445,25.8,95.2,1720.606
2024-04-25T21:00:00Z,20.166,84.767,818.665,66.324,24.4,99.2,1628.9054999999998
2024-04-25T22:00:00Z,20.767,81.333,818.126,56.186,9.9,178.4,659.0915
2024-04-25T23:00:00Z,21.134,78.534,817.597,56.213,13.2,151.1,878.1705
2024-04-26T00:00:00Z,24.066,77.4,817.442,56.493,149.1,20.6,9938.5995
2024-04-26T01:00:00Z,22.2,78.9,817.486,59.998,311.2,10.2,20748.675
2024-04-26T02:00:00Z,21.034,78.1,818.379,59.663,45.6,60.2,3043.093
2024-04-26T03:00:00Z,21,78,819.59,67.082,146.5,21,9763.4915
2024-04-26T04:00:00Z,21,78,819.638,69.49,104,28.9,6936.338
2024-04-26T05:00:00Z,21.3,77.367,819.457,69.684,39.8,67.6,2650.462
2024-04-26T06:00:00Z,22.334,76.367,819.467,69.002,15.1,138.6,1007.6434999999999
2024-04-26T07:00:00Z,22.966,76.034,819.055,68.141,8.1,197.5,541.6804999999999
2024-04-26T08:00:00Z,23,75.934,818.382,70.185,6.4,220.7,426.346
2024-04-26T09:00:00Z,22.834,75.1,817.873,72.522,5.7,231,382.4605
2024-04-26T10:00:00Z,22,74.966,816.964,73.813,5,243.7,333.6615
2024-04-26T11:00:00Z,22,74.166,816.179,77.073,168.3,18.4,11218.979500000001
2024-04-26T12:00:00Z,22,74,816.157,86.257,894.2,3.6,59614.709
2024-04-26T13:00:00Z,21.666,73.034,816.648,85.422,786.4,4.1,52423.7245
2024-04-26T14:00:00Z,21,73.434,816.848,85.964,619.4,5.2,41293.875499999995
2024-04-26T15:00:00Z,20.3,74.6,816.827,84.459,453.4,7,30229.1845
2024-04-26T16:00:00Z,18.9,76.667,817.042,79.262,215.7,14.5,14381.2225
2024-04-26T17:00:00Z,16.233,79.466,817.047,62.678,3.3,279.6,219.49450000000002
2024-04-26T18:00:00Z,16.9,81.9,816.914,66.242,4.2,259.7,278.7375
2024-04-26T19:00:00Z,15.334,83.033,816.764,62.685,4,262.6,269.5225
2024-04-26T20:00:00Z,15.8,85.3,816.875,64.381,4,263.6,266.2645
2024-04-26T21:00:00Z,16,86,816.668,65.917,4.6,250.5,309.42449999999997
2024-04-26T22:00:00Z,16.534,86.1,817.046,73.462,128.8,23.7,8589.162499999999
2024-04-26T23:00:00Z,18.367,85.666,818.412,82.566,180.3,17.2,12021.950499999999
2024-04-27T00:00:00Z,23.966,83.333,818.813,123.177,183.7,16.9,12245.2345
2024-04-27T01:00:00Z,27.267,82.6,819.722,109.054,384.9,8.3,25661.7995
2024-04-27T02:00:00Z,28,82.133,820.958,120.333,198.4,15.7,13228.0475
2024-04-27T03:00:00Z,27.325,81.392,821.944,118.764,75.9,38.6,5060.1585
2024-04-27T04:00:00Z,27.034,80.291,822.083,111.888,25.4,96.3,1693.9389999999999
2024-04-27T05:00:00Z,26.966,79.267,821.798,103.697,9.7,179.7,649.8679999999999
2024-04-27T06:00:00Z,26.1,78.633,822.127,97.743,4.5,252.3,303.235
2024-04-27T07:00:00Z,26.034,77.9,821.926,94.537,2.7,294.6,179.9495
2024-04-27T08:00:00Z,26,77.133,821.437,91.797,1.7,323.6,113.935
2024-04-27T09:00:00Z,26,76.567,821.162,89.293,1.3,338.1,85.331
2024-04-27T10:00:00Z,26,76,821.804,86.695,1.2,341,79.863
2024-04-27T11:00:00Z,26,75.733,821.972,84.185,1.3,338.5,84.467
2024-04-27T12:00:00Z,26.034,75,822.58,81.117,1.7,323.9,113.458
2024-04-27T13:00:00Z,26,74.966,823.238,76.516,1.5,332.1,96.899
2024-04-27T14:00:00Z,25.867,74.166,823.522,116.266,562.3,5.7,37487.3565
2024-04-27T15:00:00Z,24.4,72.633,824.295,138.625,47.4,58.3,3159.067
2024-04-27T16:00:00Z,24,72,824.736,66.707,266.5,11.8,17766.132
2024-04-27T17:00:00Z,24,71.367,824.892,67.579,587.1,5.5,39142.073000000004
2024-04-27T18:00:00Z,24,71,825.015,69.203,606.4,5.3,40423.6245
2024-04-27T19:00:00Z,24,71,825.084,69.534,609.6,5.3,40637.5575
2024-04-27T20:00:00Z,24,71,825.133,61.592,357.9,8.9,23856.667
2024-04-27T21:00:00Z,24,71.5,825.113,56.814,181.9,17.1,12127.146499999999
2024-04-27T22:00:00Z,24.267,72,825.206,55.769,354.6,9,23640.016499999998
2024-04-27T23:00:00Z,24.7,72,825.577,55.508,232.7,13.5,15515.5865
2024-04-28T00:00:00Z,24.133,72,825.737,55.583,119.7,25.4,7977.182
2024-04-28T01:00:00Z,24,71.867,825.969,56.235,310.3,10.2,20688.144
2024-04-28T02:00:00Z,24.666,71,826.442,56.817,421.4,7.6,28094.686999999998
2024-04-28T03:00:00Z,24.367,70.934,826.83,55.419,242.5,13,16165.1675
2024-04-28T04:00:00Z,24,70.633,826.55,54.697,124.2,24.5,8280.364
2024-04-28T05:00:00Z,24.066,70,826.31,54.612,58.1,48.9,3870.9685
2024-04-28T06:00:00Z,24.567,69.966,825.922,54.661,25.2,97.1,1676.9335
2024-04-28T07:00:00Z,25,69,825.549,54.82,11.8,161.1,789.4535000000001
2024-04-28T08:00:00Z,24.966,69,825.025,54.308,6.8,214.6,454.245
2024-04-28T09:00:00Z,24.966,69,825.091,54.378,4.5,254,297.45950000000005
2024-04-28T10:00:00Z,24.467,69,825.371,54.187,3.1,283.3,209.16449999999998
2024-04-28T11:00:00Z,24.4,68.334,825.434,54.076,2.8,291.7,187.2345
2024-04-28T12:00:00Z,25.033,68,825.962,55.63,19,118.7,1269.2555
2024-04-28T13:00:00Z,28.533,67,826.51,53.317,121.4,25,8096.053
2024-04-28T14:00:00Z,29.1,66.434,826.75,58.363,69.2,41.9,4616.4785
2024-04-28T15:00:00Z,27.166,67.867,826.464,69.207,47,58.8,3132.0175
2024-04-28T16:00:00Z,26.1,69.067,826.125,70.048,30.9,82.9,2058.242
2024-04-28T17:00:00Z,25.267,71.1,825.854,62.664,15.8,134.9,1050.1145
2024-04-28T18:00:00Z,23.767,73.466,825.308,63.15,12.5,155.8,835.0245
2024-04-28T19:00:00Z,22.834,75.633,824.909,64.319,10.9,168.6,729.3715
2024-04-28T20:00:00Z,21.566,77.767,824.619,62.833,73.6,39.7,4904.0064999999995
2024-04-28T21:00:00Z,20.4,80.267,824.275,62.523,626.4,5.1,41762.6545
2024-04-28T22:00:00Z,20.934,81.334,824.203,67.747,761.1,4.2,50740.746
2024-04-28T23:00:00Z,19.9,81.067,824.423,64.128,459.2,7,30616
2024-04-29T00:00:00Z,20.8,77.5,824.949,60.447,462.7,6.9,30845.441
2024-04-29T01:00:00Z,22.666,76.834,825.317,63.061,182.1,17.1,12136.855500000001
2024-04-29T02:00:00Z,22.7,76.4,826.266,68.036,223.4,14,14895.844000000001
2024-04-29T03:00:00Z,22,77.3,827.119,72.774,535.7,6,35715.9965
2024-04-29T04:00:00Z,22,76.5,827.157,70.677,348.9,9.1,23258.3145
2024-04-29T05:00:00Z,22,75.6,826.986,70.376,207.3,15.1,13820.324499999999
2024-04-29T06:00:00Z,22,74.6,827.208,69.816,108.4,27.8,7225.644
2024-04-29T07:00:00Z,22,73.5,827.042,69.017,47.4,58.3,3160.6285
2024-04-29T08:00:00Z,22,72.466,826.741,68.712,21.9,107.5,1460.396
2024-04-29T09:00:00Z,22,71.966,826.578,68.475,11.9,160.5,794.0155
2024-04-29T10:00:00Z,22,71,826.735,68.332,8,198.7,534.8779999999999
2024-04-29T11:00:00Z,22,71,826.987,73.823,,,6543.795
2024-04-29T12:00:00Z,22,70.434,827.274,88.358,,,8958.6145
2024-04-29T13:00:00Z,22,70,827.545,90.351,867.4,3.7,57826.327999999994
2024-04-29T14:00:00Z,21.6,70.934,827.774,86.842,675.6,4.8,45037.837
2024-04-29T15:00:00Z,21,72.633,827.771,78.151,400,8,26668.273500000003
2024-04-29T16:00:00Z,20.034,74.933,827.75,73.668,195.9,15.9,13059.535
2024-04-29T17:00:00Z,19.066,77.267,827.534,70.636,75.5,38.8,5032.276
2024-04-29T18:00:00Z,19,78,826.896,69.747,31.8,81,2120.2435
2024-04-29T19:00:00Z,18.9,79.233,826.181,68.532,13.5,148.6,902.4925000000001
2024-04-29T20:00:00Z,19,81,825.424,69.213,8.6,192.5,570.2265
2024-04-29T21:00:00Z,19,82.733,824.785,69.56,7,211.5,469.0785
2024-04-29T22:00:00Z,18.3,83.867,824.292,69.826,6.6,218.1,437.847
2024-04-29T23:00:00Z,16.334,83.6,824.131,66.259,5.8,230.5,384.301
2024-04-30T00:00:00Z,13.133,82.733,824.125,58.806,53.9,52.2,3594.587
2024-04-30T01:00:00Z,14.3,82.567,824.131,56.069,217.2,14.4,14480.7855
2024-04-30T02:00:00Z,16.034,82.334,824.095,60.029,256.4,12.3,17094.759
2024-04-30T03:00:00Z,17.233,81.4,824.064,62.616,109.8,27.5,7323.0599999999995
2024-04-30T04:00:00Z,18.2,79.834,823.812,74.69,369.6,8.6,24642.682
2024-04-30T05:00:00Z,19,78.7,823.115,82.168,623.1,5.1,41537.0985
2024-04-30T06:00:00Z,19,77.367,822.481,78.034,413.6,7.7,27570.55
2024-04-30T07:00:00Z,19,76.6,821.822,72.844,219.6,14.3,14637.124
2024-04-30T08:00:00Z,19,75.9,821.381,69.768,98.4,30.4,6561.826
2024-04-30T09:00:00Z,19,75,821.161,74.52,36.8,72,2452.2160000000003
2024-04-30T10:00:00Z,19,74.034,821.226,72.325,15.1,138.9,1004.703
2024-04-30T11:00:00Z,19.1,73.267,822.696,76.986,76.8,38.2,5117.742
2024-04-30T12:00:00Z,20,73,823.782,88.685,856.2,3.8,57080.394499999995
2024-04-30T13:00:00Z,20.233,73,824.659,83.233,654,4.9,43599.95
2024-04-30T14:00:00Z,20.066,73,825.175,78.632,448.3,7.1,29889.83
2024-04-30T15:00:00Z,20,73.534,825.15,77.648,297.3,10.6,19817.268
2024-04-30T16:00:00Z,19.367,75.4,825.162,75.473,178,17.4,11865.507000000001
2024-04-30T17:00:00Z,19,77.7,824.774,72.737,81.9,36,5458.1224999999995
2024-04-30T18:00:00Z,19,79.666,824.472,71.172,29.1,86.8,1941.3815
2024-04-30T19:00:00Z,19,81.733,823.972,72.354,12.9,153.2,859.0745
2024-04-30T20:00:00Z,18.434,84,823.754,70.458,7,212.2,465.70500000000004
2024-04-30T21:00:00Z,17.633,85.767,823.377,77.957,5.7,231.3,381.0385
2024-04-30T22:00:00Z,16.267,87.3,823.23,81.75,5.5,234.5,368.505
2024-04-30T23:00:00Z,15.867,88,823.25,62.88,5.1,241.7,341.01599999999996
